2026-09-17 18:18:33,597 - nanochat.common - [32m[1mINFO[0m - Distributed world size: 1
2026-09-17 18:18:33,598 - nanochat.common - [33m[1mWARNING[0m - Peak flops undefined for: NVIDIA GeForce RTX 4060, MFU will show as 0%
wandb: Currently logged in as: sotirisfrost (sotirisfrost-lu) to https://api.wandb.ai. Use `wandb login --relogin` to force relogin
wandb: creating run
wandb: Tracking run with wandb version 0.21.3
wandb: Run data is saved locally in /local/s4597036/nanochat_Agentic_LLM_A1/wandb/run-20260917_181833-5u5jloxs
wandb: Run `wandb offline` to turn off syncing.
wandb: Syncing run d4L-sft-matched
wandb: ⭐️ View project at https://wandb.ai/sotirisfrost-lu/nanochat-sft
wandb: 🚀 View run at https://wandb.ai/sotirisfrost-lu/nanochat-sft/runs/5u5jloxs
2026-09-17 18:18:34,789 - nanochat.checkpoint_manager - [32m[1mINFO[0m - Loading model from /local/s4597036/nanochat_data/chatsft_checkpoints/d4L-midtrain with step 464
2026-09-17 18:18:34,907 - nanochat.checkpoint_manager - [32m[1mINFO[0m - Building model with config: {'sequence_len': 2048, 'vocab_size': 32768, 'n_layer': 4, 'n_head': 2, 'n_kv_head': 2, 'n_embd': 256, 'window_pattern': 'L'}
Autodetected device type: cuda
COMPUTE_DTYPE: torch.bfloat16 (auto-detected: CUDA SM 89 (bf16 supported))
GPU: NVIDIA GeForce RTX 4060 | Peak FLOPS (BF16): inf
Inherited max_seq_len=2048 from pretrained checkpoint
Using device_batch_size=8
Using total_batch_size=262144
Inherited embedding_lr=0.3 from pretrained checkpoint
Using unembedding_lr=0.008
Inherited matrix_lr=0.02 from pretrained checkpoint
Tokens / micro-batch / rank: 8 x 2048 = 16,384
Tokens / micro-batch: 16,384
Total batch size 262,144 => gradient accumulation steps: 16
Scaling the LR for the AdamW parameters ∝1/√(256/768) = 1.732051
Training mixture [sft]: 460,341 rows (MMLU x3, GSM8K x4)
Step 00000 | Validation bpb: 2.7106
step 00001 (0.08%) | loss: 4.190838 | lrm: 1.00 | dt: 3556.53ms | tok/sec: 73,707 | mfu: 0.00 | epoch: 1 | total time: 0.00m
step 00002 (0.15%) | loss: 5.470335 | lrm: 1.00 | dt: 1157.77ms | tok/sec: 226,421 | mfu: 0.00 | epoch: 1 | total time: 0.00m
step 00003 (0.22%) | loss: 5.816402 | lrm: 1.00 | dt: 1154.44ms | tok/sec: 227,075 | mfu: 0.00 | epoch: 1 | total time: 0.00m
step 00004 (0.29%) | loss: 5.717834 | lrm: 1.00 | dt: 1155.08ms | tok/sec: 226,949 | mfu: 0.00 | epoch: 1 | total time: 0.00m
step 00005 (0.37%) | loss: 5.549647 | lrm: 1.00 | dt: 1146.77ms | tok/sec: 228,594 | mfu: 0.00 | epoch: 1 | total time: 0.00m
step 00006 (0.44%) | loss: 5.420896 | lrm: 1.00 | dt: 1150.33ms | tok/sec: 227,886 | mfu: 0.00 | epoch: 1 | total time: 0.00m
step 00007 (0.51%) | loss: 5.266199 | lrm: 1.00 | dt: 1152.25ms | tok/sec: 227,506 | mfu: 0.00 | epoch: 1 | total time: 0.00m
step 00008 (0.57%) | loss: 5.136092 | lrm: 1.00 | dt: 1151.53ms | tok/sec: 227,648 | mfu: 0.00 | epoch: 1 | total time: 0.00m
step 00009 (0.64%) | loss: 5.024575 | lrm: 1.00 | dt: 1150.79ms | tok/sec: 227,794 | mfu: 0.00 | epoch: 1 | total time: 0.00m
step 00010 (0.71%) | loss: 4.867465 | lrm: 1.00 | dt: 1153.66ms | tok/sec: 227,227 | mfu: 0.00 | epoch: 1 | total time: 0.00m
step 00011 (0.78%) | loss: 4.794109 | lrm: 1.00 | dt: 1153.15ms | tok/sec: 227,327 | mfu: 0.00 | epoch: 1 | total time: 0.02m
step 00012 (0.85%) | loss: 4.652277 | lrm: 1.00 | dt: 1151.19ms | tok/sec: 227,716 | mfu: 0.00 | epoch: 1 | total time: 0.04m
step 00013 (0.92%) | loss: 4.577806 | lrm: 1.00 | dt: 1153.93ms | tok/sec: 227,175 | mfu: 0.00 | epoch: 1 | total time: 0.06m
step 00014 (0.98%) | loss: 4.509448 | lrm: 1.00 | dt: 1155.84ms | tok/sec: 226,799 | mfu: 0.00 | epoch: 1 | total time: 0.08m
step 00015 (1.05%) | loss: 4.416703 | lrm: 1.00 | dt: 1153.90ms | tok/sec: 227,181 | mfu: 0.00 | epoch: 1 | total time: 0.10m
step 00016 (1.12%) | loss: 4.329404 | lrm: 1.00 | dt: 1153.96ms | tok/sec: 227,169 | mfu: 0.00 | epoch: 1 | total time: 0.12m
step 00017 (1.18%) | loss: 4.271885 | lrm: 1.00 | dt: 1155.92ms | tok/sec: 226,783 | mfu: 0.00 | epoch: 1 | total time: 0.13m
step 00018 (1.25%) | loss: 4.212618 | lrm: 1.00 | dt: 1153.98ms | tok/sec: 227,166 | mfu: 0.00 | epoch: 1 | total time: 0.15m
step 00019 (1.32%) | loss: 4.127528 | lrm: 1.00 | dt: 1155.66ms | tok/sec: 226,835 | mfu: 0.00 | epoch: 1 | total time: 0.17m
step 00020 (1.39%) | loss: 4.088755 | lrm: 1.00 | dt: 1160.24ms | tok/sec: 225,939 | mfu: 0.00 | epoch: 1 | total time: 0.19m
step 00021 (1.46%) | loss: 4.028071 | lrm: 1.00 | dt: 1152.13ms | tok/sec: 227,529 | mfu: 0.00 | epoch: 1 | total time: 0.21m
step 00022 (1.53%) | loss: 3.957351 | lrm: 1.00 | dt: 1158.30ms | tok/sec: 226,317 | mfu: 0.00 | epoch: 1 | total time: 0.23m
step 00023 (1.59%) | loss: 3.879891 | lrm: 1.00 | dt: 1157.84ms | tok/sec: 226,408 | mfu: 0.00 | epoch: 1 | total time: 0.25m
step 00024 (1.66%) | loss: 3.834272 | lrm: 1.00 | dt: 1158.62ms | tok/sec: 226,256 | mfu: 0.00 | epoch: 1 | total time: 0.27m
step 00025 (1.73%) | loss: 3.793685 | lrm: 1.00 | dt: 1159.01ms | tok/sec: 226,178 | mfu: 0.00 | epoch: 1 | total time: 0.29m
step 00026 (1.80%) | loss: 3.770692 | lrm: 1.00 | dt: 1160.29ms | tok/sec: 225,930 | mfu: 0.00 | epoch: 1 | total time: 0.31m
step 00027 (1.87%) | loss: 3.755671 | lrm: 1.00 | dt: 1161.49ms | tok/sec: 225,696 | mfu: 0.00 | epoch: 1 | total time: 0.33m
step 00028 (1.94%) | loss: 3.726986 | lrm: 1.00 | dt: 1164.52ms | tok/sec: 225,108 | mfu: 0.00 | epoch: 1 | total time: 0.35m
step 00029 (2.01%) | loss: 3.680486 | lrm: 1.00 | dt: 1164.35ms | tok/sec: 225,141 | mfu: 0.00 | epoch: 1 | total time: 0.37m
step 00030 (2.09%) | loss: 3.635917 | lrm: 1.00 | dt: 1166.81ms | tok/sec: 224,666 | mfu: 0.00 | epoch: 1 | total time: 0.39m
step 00031 (2.16%) | loss: 3.610381 | lrm: 1.00 | dt: 1163.19ms | tok/sec: 225,366 | mfu: 0.00 | epoch: 1 | total time: 0.41m
step 00032 (2.23%) | loss: 3.554799 | lrm: 1.00 | dt: 1163.19ms | tok/sec: 225,366 | mfu: 0.00 | epoch: 1 | total time: 0.42m
step 00033 (2.30%) | loss: 3.488553 | lrm: 1.00 | dt: 1164.67ms | tok/sec: 225,079 | mfu: 0.00 | epoch: 1 | total time: 0.44m
step 00034 (2.36%) | loss: 3.414757 | lrm: 1.00 | dt: 1162.69ms | tok/sec: 225,463 | mfu: 0.00 | epoch: 1 | total time: 0.46m
step 00035 (2.44%) | loss: 3.403051 | lrm: 1.00 | dt: 1161.73ms | tok/sec: 225,650 | mfu: 0.00 | epoch: 1 | total time: 0.48m
step 00036 (2.51%) | loss: 3.367013 | lrm: 1.00 | dt: 1168.77ms | tok/sec: 224,289 | mfu: 0.00 | epoch: 1 | total time: 0.50m
step 00037 (2.58%) | loss: 3.336552 | lrm: 1.00 | dt: 1163.46ms | tok/sec: 225,314 | mfu: 0.00 | epoch: 1 | total time: 0.52m
step 00038 (2.65%) | loss: 3.301136 | lrm: 1.00 | dt: 1167.72ms | tok/sec: 224,491 | mfu: 0.00 | epoch: 1 | total time: 0.54m
step 00039 (2.72%) | loss: 3.309807 | lrm: 1.00 | dt: 1169.75ms | tok/sec: 224,102 | mfu: 0.00 | epoch: 1 | total time: 0.56m
step 00040 (2.78%) | loss: 3.283977 | lrm: 1.00 | dt: 1166.57ms | tok/sec: 224,713 | mfu: 0.00 | epoch: 1 | total time: 0.58m
step 00041 (2.85%) | loss: 3.279135 | lrm: 1.00 | dt: 1165.25ms | tok/sec: 224,968 | mfu: 0.00 | epoch: 1 | total time: 0.60m
step 00042 (2.92%) | loss: 3.274285 | lrm: 1.00 | dt: 1171.70ms | tok/sec: 223,729 | mfu: 0.00 | epoch: 1 | total time: 0.62m
step 00043 (2.98%) | loss: 3.236149 | lrm: 1.00 | dt: 1166.69ms | tok/sec: 224,689 | mfu: 0.00 | epoch: 1 | total time: 0.64m
step 00044 (3.05%) | loss: 3.186977 | lrm: 1.00 | dt: 1166.11ms | tok/sec: 224,802 | mfu: 0.00 | epoch: 1 | total time: 0.66m
step 00045 (3.12%) | loss: 3.146412 | lrm: 1.00 | dt: 1169.49ms | tok/sec: 224,151 | mfu: 0.00 | epoch: 1 | total time: 0.68m
step 00046 (3.20%) | loss: 3.141573 | lrm: 1.00 | dt: 1167.95ms | tok/sec: 224,447 | mfu: 0.00 | epoch: 1 | total time: 0.70m
step 00047 (3.27%) | loss: 3.101365 | lrm: 1.00 | dt: 1165.17ms | tok/sec: 224,983 | mfu: 0.00 | epoch: 1 | total time: 0.72m
step 00048 (3.35%) | loss: 3.039900 | lrm: 1.00 | dt: 1172.42ms | tok/sec: 223,591 | mfu: 0.00 | epoch: 1 | total time: 0.74m
step 00049 (3.43%) | loss: 3.002799 | lrm: 1.00 | dt: 1170.54ms | tok/sec: 223,950 | mfu: 0.00 | epoch: 1 | total time: 0.76m
step 00050 (3.49%) | loss: 2.993453 | lrm: 1.00 | dt: 1169.75ms | tok/sec: 224,101 | mfu: 0.00 | epoch: 1 | total time: 0.77m
Step 00050 | Validation bpb: 0.9010
step 00051 (3.56%) | loss: 2.966819 | lrm: 1.00 | dt: 1178.81ms | tok/sec: 222,380 | mfu: 0.00 | epoch: 1 | total time: 0.79m
step 00052 (3.62%) | loss: 2.969742 | lrm: 1.00 | dt: 1172.63ms | tok/sec: 223,552 | mfu: 0.00 | epoch: 1 | total time: 0.81m
step 00053 (3.69%) | loss: 2.942600 | lrm: 1.00 | dt: 1169.05ms | tok/sec: 224,236 | mfu: 0.00 | epoch: 1 | total time: 0.83m
step 00054 (3.75%) | loss: 2.926586 | lrm: 1.00 | dt: 1169.22ms | tok/sec: 224,203 | mfu: 0.00 | epoch: 1 | total time: 0.85m
step 00055 (3.84%) | loss: 2.906958 | lrm: 1.00 | dt: 1174.06ms | tok/sec: 223,280 | mfu: 0.00 | epoch: 1 | total time: 0.87m
step 00056 (3.91%) | loss: 2.929924 | lrm: 1.00 | dt: 1171.99ms | tok/sec: 223,674 | mfu: 0.00 | epoch: 1 | total time: 0.89m
step 00057 (3.98%) | loss: 2.892643 | lrm: 1.00 | dt: 1171.64ms | tok/sec: 223,740 | mfu: 0.00 | epoch: 1 | total time: 0.91m
step 00058 (4.05%) | loss: 2.909364 | lrm: 1.00 | dt: 1171.93ms | tok/sec: 223,685 | mfu: 0.00 | epoch: 1 | total time: 0.93m
step 00059 (4.12%) | loss: 2.898712 | lrm: 1.00 | dt: 1173.32ms | tok/sec: 223,420 | mfu: 0.00 | epoch: 1 | total time: 0.95m
step 00060 (4.19%) | loss: 2.930259 | lrm: 1.00 | dt: 1176.86ms | tok/sec: 222,749 | mfu: 0.00 | epoch: 1 | total time: 0.97m
step 00061 (4.25%) | loss: 2.895652 | lrm: 1.00 | dt: 1171.50ms | tok/sec: 223,767 | mfu: 0.00 | epoch: 1 | total time: 0.99m
step 00062 (4.32%) | loss: 2.899798 | lrm: 1.00 | dt: 1173.34ms | tok/sec: 223,416 | mfu: 0.00 | epoch: 1 | total time: 1.01m
step 00063 (4.40%) | loss: 2.906215 | lrm: 1.00 | dt: 1170.13ms | tok/sec: 224,030 | mfu: 0.00 | epoch: 1 | total time: 1.03m
step 00064 (4.46%) | loss: 2.859097 | lrm: 1.00 | dt: 1170.63ms | tok/sec: 223,934 | mfu: 0.00 | epoch: 1 | total time: 1.05m
step 00065 (4.53%) | loss: 2.848189 | lrm: 1.00 | dt: 1171.87ms | tok/sec: 223,696 | mfu: 0.00 | epoch: 1 | total time: 1.07m
step 00066 (4.59%) | loss: 2.843243 | lrm: 1.00 | dt: 1171.66ms | tok/sec: 223,737 | mfu: 0.00 | epoch: 1 | total time: 1.09m
step 00067 (4.66%) | loss: 2.803122 | lrm: 1.00 | dt: 1171.94ms | tok/sec: 223,684 | mfu: 0.00 | epoch: 1 | total time: 1.11m
step 00068 (4.73%) | loss: 2.775685 | lrm: 1.00 | dt: 1179.47ms | tok/sec: 222,255 | mfu: 0.00 | epoch: 1 | total time: 1.13m
step 00069 (4.80%) | loss: 2.779886 | lrm: 1.00 | dt: 1174.90ms | tok/sec: 223,121 | mfu: 0.00 | epoch: 1 | total time: 1.15m
step 00070 (4.86%) | loss: 2.779160 | lrm: 1.00 | dt: 1173.41ms | tok/sec: 223,403 | mfu: 0.00 | epoch: 1 | total time: 1.17m
step 00071 (4.94%) | loss: 2.767643 | lrm: 1.00 | dt: 1171.56ms | tok/sec: 223,755 | mfu: 0.00 | epoch: 1 | total time: 1.19m
step 00072 (5.02%) | loss: 2.741184 | lrm: 1.00 | dt: 1174.22ms | tok/sec: 223,249 | mfu: 0.00 | epoch: 1 | total time: 1.20m
step 00073 (5.09%) | loss: 2.727556 | lrm: 1.00 | dt: 1176.92ms | tok/sec: 222,737 | mfu: 0.00 | epoch: 1 | total time: 1.22m
step 00074 (5.15%) | loss: 2.734571 | lrm: 1.00 | dt: 1171.61ms | tok/sec: 223,747 | mfu: 0.00 | epoch: 1 | total time: 1.24m
step 00075 (5.22%) | loss: 2.758722 | lrm: 1.00 | dt: 1176.31ms | tok/sec: 222,852 | mfu: 0.00 | epoch: 1 | total time: 1.26m
step 00076 (5.29%) | loss: 2.723594 | lrm: 1.00 | dt: 1173.61ms | tok/sec: 223,365 | mfu: 0.00 | epoch: 1 | total time: 1.28m
step 00077 (5.36%) | loss: 2.721986 | lrm: 1.00 | dt: 1171.83ms | tok/sec: 223,704 | mfu: 0.00 | epoch: 1 | total time: 1.30m
step 00078 (5.43%) | loss: 2.720669 | lrm: 1.00 | dt: 1176.05ms | tok/sec: 222,902 | mfu: 0.00 | epoch: 1 | total time: 1.32m
step 00079 (5.50%) | loss: 2.697380 | lrm: 1.00 | dt: 1176.29ms | tok/sec: 222,856 | mfu: 0.00 | epoch: 1 | total time: 1.34m
step 00080 (5.57%) | loss: 2.710060 | lrm: 1.00 | dt: 1176.85ms | tok/sec: 222,750 | mfu: 0.00 | epoch: 1 | total time: 1.36m
step 00081 (5.64%) | loss: 2.710312 | lrm: 1.00 | dt: 1177.58ms | tok/sec: 222,611 | mfu: 0.00 | epoch: 1 | total time: 1.38m
step 00082 (5.70%) | loss: 2.720491 | lrm: 1.00 | dt: 1176.81ms | tok/sec: 222,758 | mfu: 0.00 | epoch: 1 | total time: 1.40m
step 00083 (5.77%) | loss: 2.704195 | lrm: 1.00 | dt: 1176.10ms | tok/sec: 222,892 | mfu: 0.00 | epoch: 1 | total time: 1.42m
step 00084 (5.84%) | loss: 2.688558 | lrm: 1.00 | dt: 1175.97ms | tok/sec: 222,916 | mfu: 0.00 | epoch: 1 | total time: 1.44m
step 00085 (5.91%) | loss: 2.675923 | lrm: 1.00 | dt: 1174.95ms | tok/sec: 223,111 | mfu: 0.00 | epoch: 1 | total time: 1.46m
step 00086 (5.98%) | loss: 2.631879 | lrm: 1.00 | dt: 1174.76ms | tok/sec: 223,146 | mfu: 0.00 | epoch: 1 | total time: 1.48m
step 00087 (6.06%) | loss: 2.635391 | lrm: 1.00 | dt: 1172.50ms | tok/sec: 223,577 | mfu: 0.00 | epoch: 1 | total time: 1.50m
step 00088 (6.13%) | loss: 2.626880 | lrm: 1.00 | dt: 1181.30ms | tok/sec: 221,911 | mfu: 0.00 | epoch: 1 | total time: 1.52m
step 00089 (6.19%) | loss: 2.612539 | lrm: 1.00 | dt: 1176.00ms | tok/sec: 222,910 | mfu: 0.00 | epoch: 1 | total time: 1.54m
step 00090 (6.26%) | loss: 2.615197 | lrm: 1.00 | dt: 1179.47ms | tok/sec: 222,254 | mfu: 0.00 | epoch: 1 | total time: 1.56m
step 00091 (6.33%) | loss: 2.590449 | lrm: 1.00 | dt: 1174.25ms | tok/sec: 223,243 | mfu: 0.00 | epoch: 1 | total time: 1.58m
step 00092 (6.40%) | loss: 2.571869 | lrm: 1.00 | dt: 1179.40ms | tok/sec: 222,269 | mfu: 0.00 | epoch: 1 | total time: 1.60m
step 00093 (6.48%) | loss: 2.545692 | lrm: 1.00 | dt: 1176.21ms | tok/sec: 222,871 | mfu: 0.00 | epoch: 1 | total time: 1.62m
step 00094 (6.55%) | loss: 2.568384 | lrm: 1.00 | dt: 1175.76ms | tok/sec: 222,957 | mfu: 0.00 | epoch: 1 | total time: 1.64m
step 00095 (6.63%) | loss: 2.577816 | lrm: 1.00 | dt: 1173.83ms | tok/sec: 223,324 | mfu: 0.00 | epoch: 1 | total time: 1.66m
step 00096 (6.70%) | loss: 2.567062 | lrm: 1.00 | dt: 1178.51ms | tok/sec: 222,436 | mfu: 0.00 | epoch: 1 | total time: 1.68m
step 00097 (6.78%) | loss: 2.584491 | lrm: 1.00 | dt: 1173.62ms | tok/sec: 223,363 | mfu: 0.00 | epoch: 1 | total time: 1.69m
step 00098 (6.85%) | loss: 2.608151 | lrm: 1.00 | dt: 1179.17ms | tok/sec: 222,313 | mfu: 0.00 | epoch: 1 | total time: 1.71m
step 00099 (6.92%) | loss: 2.600720 | lrm: 1.00 | dt: 1175.63ms | tok/sec: 222,982 | mfu: 0.00 | epoch: 1 | total time: 1.73m
step 00100 (6.98%) | loss: 2.608501 | lrm: 1.00 | dt: 1175.81ms | tok/sec: 222,947 | mfu: 0.00 | epoch: 1 | total time: 1.75m
Step 00100 | Validation bpb: 0.7953
step 00101 (7.05%) | loss: 2.609701 | lrm: 1.00 | dt: 1182.56ms | tok/sec: 221,675 | mfu: 0.00 | epoch: 1 | total time: 1.77m
step 00102 (7.12%) | loss: 2.636313 | lrm: 1.00 | dt: 1180.28ms | tok/sec: 222,103 | mfu: 0.00 | epoch: 1 | total time: 1.79m
step 00103 (7.20%) | loss: 2.630313 | lrm: 1.00 | dt: 1174.74ms | tok/sec: 223,150 | mfu: 0.00 | epoch: 1 | total time: 1.81m
step 00104 (7.26%) | loss: 2.625104 | lrm: 1.00 | dt: 1187.02ms | tok/sec: 220,842 | mfu: 0.00 | epoch: 1 | total time: 1.83m
step 00105 (7.33%) | loss: 2.618354 | lrm: 1.00 | dt: 1176.19ms | tok/sec: 222,876 | mfu: 0.00 | epoch: 1 | total time: 1.85m
step 00106 (7.39%) | loss: 2.584605 | lrm: 1.00 | dt: 1180.03ms | tok/sec: 222,150 | mfu: 0.00 | epoch: 1 | total time: 1.87m
step 00107 (7.46%) | loss: 2.584947 | lrm: 1.00 | dt: 1173.24ms | tok/sec: 223,435 | mfu: 0.00 | epoch: 1 | total time: 1.89m
step 00108 (7.53%) | loss: 2.572523 | lrm: 1.00 | dt: 1178.52ms | tok/sec: 222,434 | mfu: 0.00 | epoch: 1 | total time: 1.91m
step 00109 (7.59%) | loss: 2.553477 | lrm: 1.00 | dt: 1177.66ms | tok/sec: 222,597 | mfu: 0.00 | epoch: 1 | total time: 1.93m
step 00110 (7.66%) | loss: 2.557361 | lrm: 1.00 | dt: 1177.38ms | tok/sec: 222,649 | mfu: 0.00 | epoch: 1 | total time: 1.95m
step 00111 (7.72%) | loss: 2.562391 | lrm: 1.00 | dt: 1175.50ms | tok/sec: 223,007 | mfu: 0.00 | epoch: 1 | total time: 1.97m
step 00112 (7.79%) | loss: 2.555732 | lrm: 1.00 | dt: 1173.73ms | tok/sec: 223,341 | mfu: 0.00 | epoch: 1 | total time: 1.99m
step 00113 (7.86%) | loss: 2.564835 | lrm: 1.00 | dt: 1182.19ms | tok/sec: 221,744 | mfu: 0.00 | epoch: 1 | total time: 2.01m
step 00114 (7.93%) | loss: 2.524867 | lrm: 1.00 | dt: 1174.03ms | tok/sec: 223,285 | mfu: 0.00 | epoch: 1 | total time: 2.03m
step 00115 (8.00%) | loss: 2.520904 | lrm: 1.00 | dt: 1177.53ms | tok/sec: 222,622 | mfu: 0.00 | epoch: 1 | total time: 2.05m
step 00116 (8.06%) | loss: 2.534817 | lrm: 1.00 | dt: 1182.31ms | tok/sec: 221,721 | mfu: 0.00 | epoch: 1 | total time: 2.07m
step 00117 (8.14%) | loss: 2.547023 | lrm: 1.00 | dt: 1177.63ms | tok/sec: 222,603 | mfu: 0.00 | epoch: 1 | total time: 2.09m
step 00118 (8.21%) | loss: 2.565744 | lrm: 1.00 | dt: 1179.84ms | tok/sec: 222,185 | mfu: 0.00 | epoch: 1 | total time: 2.11m
step 00119 (8.28%) | loss: 2.551809 | lrm: 1.00 | dt: 1177.47ms | tok/sec: 222,633 | mfu: 0.00 | epoch: 1 | total time: 2.13m
step 00120 (8.34%) | loss: 2.550083 | lrm: 1.00 | dt: 1176.18ms | tok/sec: 222,876 | mfu: 0.00 | epoch: 1 | total time: 2.15m
step 00121 (8.41%) | loss: 2.519956 | lrm: 1.00 | dt: 1179.70ms | tok/sec: 222,212 | mfu: 0.00 | epoch: 1 | total time: 2.17m
step 00122 (8.48%) | loss: 2.502047 | lrm: 1.00 | dt: 1176.19ms | tok/sec: 222,875 | mfu: 0.00 | epoch: 1 | total time: 2.19m
step 00123 (8.56%) | loss: 2.484380 | lrm: 1.00 | dt: 1172.74ms | tok/sec: 223,531 | mfu: 0.00 | epoch: 1 | total time: 2.21m
step 00124 (8.63%) | loss: 2.455464 | lrm: 1.00 | dt: 1178.11ms | tok/sec: 222,512 | mfu: 0.00 | epoch: 1 | total time: 2.22m
step 00125 (8.69%) | loss: 2.467121 | lrm: 1.00 | dt: 1177.53ms | tok/sec: 222,621 | mfu: 0.00 | epoch: 1 | total time: 2.24m
step 00126 (8.77%) | loss: 2.453277 | lrm: 1.00 | dt: 1182.86ms | tok/sec: 221,619 | mfu: 0.00 | epoch: 1 | total time: 2.26m
step 00127 (8.83%) | loss: 2.451936 | lrm: 1.00 | dt: 1179.90ms | tok/sec: 222,174 | mfu: 0.00 | epoch: 1 | total time: 2.28m
step 00128 (8.90%) | loss: 2.455837 | lrm: 1.00 | dt: 1184.55ms | tok/sec: 221,303 | mfu: 0.00 | epoch: 1 | total time: 2.30m
step 00129 (8.97%) | loss: 2.461990 | lrm: 1.00 | dt: 1177.24ms | tok/sec: 222,677 | mfu: 0.00 | epoch: 1 | total time: 2.32m
step 00130 (9.05%) | loss: 2.435475 | lrm: 1.00 | dt: 1186.38ms | tok/sec: 220,960 | mfu: 0.00 | epoch: 1 | total time: 2.34m
step 00131 (9.11%) | loss: 2.461324 | lrm: 1.00 | dt: 1176.14ms | tok/sec: 222,884 | mfu: 0.00 | epoch: 1 | total time: 2.36m
step 00132 (9.18%) | loss: 2.433173 | lrm: 1.00 | dt: 1175.34ms | tok/sec: 223,037 | mfu: 0.00 | epoch: 1 | total time: 2.38m
step 00133 (9.24%) | loss: 2.411912 | lrm: 1.00 | dt: 1177.04ms | tok/sec: 222,715 | mfu: 0.00 | epoch: 1 | total time: 2.40m
step 00134 (9.31%) | loss: 2.436984 | lrm: 1.00 | dt: 1178.46ms | tok/sec: 222,446 | mfu: 0.00 | epoch: 1 | total time: 2.42m
step 00135 (9.39%) | loss: 2.456879 | lrm: 1.00 | dt: 1174.15ms | tok/sec: 223,262 | mfu: 0.00 | epoch: 1 | total time: 2.44m
step 00136 (9.46%) | loss: 2.453820 | lrm: 1.00 | dt: 1182.57ms | tok/sec: 221,673 | mfu: 0.00 | epoch: 1 | total time: 2.46m
step 00137 (9.53%) | loss: 2.473119 | lrm: 1.00 | dt: 1177.84ms | tok/sec: 222,562 | mfu: 0.00 | epoch: 1 | total time: 2.48m
step 00138 (9.60%) | loss: 2.472835 | lrm: 1.00 | dt: 1181.33ms | tok/sec: 221,904 | mfu: 0.00 | epoch: 1 | total time: 2.50m
step 00139 (9.67%) | loss: 2.480044 | lrm: 1.00 | dt: 1178.49ms | tok/sec: 222,439 | mfu: 0.00 | epoch: 1 | total time: 2.52m
step 00140 (9.74%) | loss: 2.491862 | lrm: 1.00 | dt: 1184.90ms | tok/sec: 221,236 | mfu: 0.00 | epoch: 1 | total time: 2.54m
step 00141 (9.81%) | loss: 2.508816 | lrm: 1.00 | dt: 1176.73ms | tok/sec: 222,772 | mfu: 0.00 | epoch: 1 | total time: 2.56m
step 00142 (9.89%) | loss: 2.524074 | lrm: 1.00 | dt: 1183.31ms | tok/sec: 221,534 | mfu: 0.00 | epoch: 1 | total time: 2.58m
step 00143 (9.97%) | loss: 2.501310 | lrm: 1.00 | dt: 1174.18ms | tok/sec: 223,256 | mfu: 0.00 | epoch: 1 | total time: 2.60m
step 00144 (10.04%) | loss: 2.519717 | lrm: 1.00 | dt: 1180.92ms | tok/sec: 221,983 | mfu: 0.00 | epoch: 1 | total time: 2.62m
step 00145 (10.10%) | loss: 2.519311 | lrm: 1.00 | dt: 1176.01ms | tok/sec: 222,910 | mfu: 0.00 | epoch: 1 | total time: 2.64m
step 00146 (10.17%) | loss: 2.504204 | lrm: 1.00 | dt: 1178.95ms | tok/sec: 222,353 | mfu: 0.00 | epoch: 1 | total time: 2.66m
step 00147 (10.24%) | loss: 2.524267 | lrm: 1.00 | dt: 1181.72ms | tok/sec: 221,833 | mfu: 0.00 | epoch: 1 | total time: 2.68m
step 00148 (10.31%) | loss: 2.503481 | lrm: 1.00 | dt: 1179.63ms | tok/sec: 222,225 | mfu: 0.00 | epoch: 1 | total time: 2.70m
step 00149 (10.37%) | loss: 2.474283 | lrm: 1.00 | dt: 1176.80ms | tok/sec: 222,760 | mfu: 0.00 | epoch: 1 | total time: 2.72m
step 00150 (10.44%) | loss: 2.474538 | lrm: 1.00 | dt: 1183.52ms | tok/sec: 221,494 | mfu: 0.00 | epoch: 1 | total time: 2.74m
Step 00150 | Validation bpb: 0.7494
step 00151 (10.51%) | loss: 2.456881 | lrm: 1.00 | dt: 1184.83ms | tok/sec: 221,249 | mfu: 0.00 | epoch: 1 | total time: 2.76m
step 00152 (10.58%) | loss: 2.440774 | lrm: 1.00 | dt: 1181.99ms | tok/sec: 221,781 | mfu: 0.00 | epoch: 1 | total time: 2.78m
step 00153 (10.64%) | loss: 2.429297 | lrm: 1.00 | dt: 1178.11ms | tok/sec: 222,512 | mfu: 0.00 | epoch: 1 | total time: 2.80m
step 00154 (10.71%) | loss: 2.431038 | lrm: 1.00 | dt: 1179.71ms | tok/sec: 222,211 | mfu: 0.00 | epoch: 1 | total time: 2.81m
step 00155 (10.78%) | loss: 2.438164 | lrm: 1.00 | dt: 1177.11ms | tok/sec: 222,701 | mfu: 0.00 | epoch: 1 | total time: 2.83m
step 00156 (10.85%) | loss: 2.418690 | lrm: 1.00 | dt: 1186.60ms | tok/sec: 220,919 | mfu: 0.00 | epoch: 1 | total time: 2.85m
step 00157 (10.92%) | loss: 2.430231 | lrm: 1.00 | dt: 1176.59ms | tok/sec: 222,799 | mfu: 0.00 | epoch: 1 | total time: 2.87m
step 00158 (10.98%) | loss: 2.422648 | lrm: 1.00 | dt: 1181.58ms | tok/sec: 221,859 | mfu: 0.00 | epoch: 1 | total time: 2.89m
step 00159 (11.05%) | loss: 2.430239 | lrm: 1.00 | dt: 1174.62ms | tok/sec: 223,174 | mfu: 0.00 | epoch: 1 | total time: 2.91m
step 00160 (11.12%) | loss: 2.411744 | lrm: 1.00 | dt: 1182.84ms | tok/sec: 221,623 | mfu: 0.00 | epoch: 1 | total time: 2.93m
step 00161 (11.19%) | loss: 2.389178 | lrm: 1.00 | dt: 1175.33ms | tok/sec: 223,038 | mfu: 0.00 | epoch: 1 | total time: 2.95m
step 00162 (11.25%) | loss: 2.404260 | lrm: 1.00 | dt: 1180.88ms | tok/sec: 221,990 | mfu: 0.00 | epoch: 1 | total time: 2.97m
step 00163 (11.33%) | loss: 2.402012 | lrm: 1.00 | dt: 1179.01ms | tok/sec: 222,342 | mfu: 0.00 | epoch: 1 | total time: 2.99m
step 00164 (11.39%) | loss: 2.412622 | lrm: 1.00 | dt: 1181.25ms | tok/sec: 221,921 | mfu: 0.00 | epoch: 1 | total time: 3.01m
step 00165 (11.46%) | loss: 2.428218 | lrm: 1.00 | dt: 1180.40ms | tok/sec: 222,080 | mfu: 0.00 | epoch: 1 | total time: 3.03m
step 00166 (11.53%) | loss: 2.427908 | lrm: 1.00 | dt: 1184.68ms | tok/sec: 221,278 | mfu: 0.00 | epoch: 1 | total time: 3.05m
step 00167 (11.60%) | loss: 2.421679 | lrm: 1.00 | dt: 1176.98ms | tok/sec: 222,725 | mfu: 0.00 | epoch: 1 | total time: 3.07m
step 00168 (11.67%) | loss: 2.401076 | lrm: 1.00 | dt: 1181.69ms | tok/sec: 221,838 | mfu: 0.00 | epoch: 1 | total time: 3.09m
step 00169 (11.74%) | loss: 2.402635 | lrm: 1.00 | dt: 1174.45ms | tok/sec: 223,205 | mfu: 0.00 | epoch: 1 | total time: 3.11m
step 00170 (11.82%) | loss: 2.394002 | lrm: 1.00 | dt: 1182.50ms | tok/sec: 221,686 | mfu: 0.00 | epoch: 1 | total time: 3.13m
step 00171 (11.90%) | loss: 2.396320 | lrm: 1.00 | dt: 1175.47ms | tok/sec: 223,011 | mfu: 0.00 | epoch: 1 | total time: 3.15m
step 00172 (11.96%) | loss: 2.402052 | lrm: 1.00 | dt: 1183.72ms | tok/sec: 221,457 | mfu: 0.00 | epoch: 1 | total time: 3.17m
step 00173 (12.03%) | loss: 2.384020 | lrm: 1.00 | dt: 1179.37ms | tok/sec: 222,275 | mfu: 0.00 | epoch: 1 | total time: 3.19m
step 00174 (12.10%) | loss: 2.396480 | lrm: 1.00 | dt: 1184.37ms | tok/sec: 221,335 | mfu: 0.00 | epoch: 1 | total time: 3.21m
step 00175 (12.17%) | loss: 2.398834 | lrm: 1.00 | dt: 1180.36ms | tok/sec: 222,088 | mfu: 0.00 | epoch: 1 | total time: 3.23m
step 00176 (12.24%) | loss: 2.386618 | lrm: 1.00 | dt: 1179.25ms | tok/sec: 222,297 | mfu: 0.00 | epoch: 1 | total time: 3.25m
step 00177 (12.30%) | loss: 2.382894 | lrm: 1.00 | dt: 1186.25ms | tok/sec: 220,986 | mfu: 0.00 | epoch: 1 | total time: 3.27m
step 00178 (12.37%) | loss: 2.397526 | lrm: 1.00 | dt: 1176.64ms | tok/sec: 222,789 | mfu: 0.00 | epoch: 1 | total time: 3.29m
step 00179 (12.44%) | loss: 2.380999 | lrm: 1.00 | dt: 1182.29ms | tok/sec: 221,725 | mfu: 0.00 | epoch: 1 | total time: 3.31m
step 00180 (12.51%) | loss: 2.374343 | lrm: 1.00 | dt: 1177.97ms | tok/sec: 222,538 | mfu: 0.00 | epoch: 1 | total time: 3.33m
step 00181 (12.57%) | loss: 2.366185 | lrm: 1.00 | dt: 1180.01ms | tok/sec: 222,153 | mfu: 0.00 | epoch: 1 | total time: 3.35m
step 00182 (12.65%) | loss: 2.386849 | lrm: 1.00 | dt: 1183.23ms | tok/sec: 221,548 | mfu: 0.00 | epoch: 1 | total time: 3.37m
step 00183 (12.72%) | loss: 2.383749 | lrm: 1.00 | dt: 1177.50ms | tok/sec: 222,626 | mfu: 0.00 | epoch: 1 | total time: 3.39m
step 00184 (12.79%) | loss: 2.375039 | lrm: 1.00 | dt: 1180.36ms | tok/sec: 222,087 | mfu: 0.00 | epoch: 1 | total time: 3.40m
step 00185 (12.86%) | loss: 2.369095 | lrm: 1.00 | dt: 1181.11ms | tok/sec: 221,948 | mfu: 0.00 | epoch: 1 | total time: 3.42m
step 00186 (12.94%) | loss: 2.354450 | lrm: 1.00 | dt: 1183.81ms | tok/sec: 221,441 | mfu: 0.00 | epoch: 1 | total time: 3.44m
step 00187 (13.01%) | loss: 2.343417 | lrm: 1.00 | dt: 1180.77ms | tok/sec: 222,011 | mfu: 0.00 | epoch: 1 | total time: 3.46m
step 00188 (13.09%) | loss: 2.338829 | lrm: 1.00 | dt: 1182.76ms | tok/sec: 221,637 | mfu: 0.00 | epoch: 1 | total time: 3.48m
step 00189 (13.15%) | loss: 2.325058 | lrm: 1.00 | dt: 1181.81ms | tok/sec: 221,816 | mfu: 0.00 | epoch: 1 | total time: 3.50m
step 00190 (13.23%) | loss: 2.303178 | lrm: 1.00 | dt: 1177.25ms | tok/sec: 222,675 | mfu: 0.00 | epoch: 1 | total time: 3.52m
step 00191 (13.29%) | loss: 2.330771 | lrm: 1.00 | dt: 1184.32ms | tok/sec: 221,344 | mfu: 0.00 | epoch: 1 | total time: 3.54m
step 00192 (13.35%) | loss: 2.318732 | lrm: 1.00 | dt: 1179.53ms | tok/sec: 222,245 | mfu: 0.00 | epoch: 1 | total time: 3.56m
step 00193 (13.42%) | loss: 2.330623 | lrm: 1.00 | dt: 1185.41ms | tok/sec: 221,141 | mfu: 0.00 | epoch: 1 | total time: 3.58m
step 00194 (13.49%) | loss: 2.344695 | lrm: 1.00 | dt: 1182.19ms | tok/sec: 221,744 | mfu: 0.00 | epoch: 1 | total time: 3.60m
step 00195 (13.57%) | loss: 2.356689 | lrm: 1.00 | dt: 1176.30ms | tok/sec: 222,854 | mfu: 0.00 | epoch: 1 | total time: 3.62m
step 00196 (13.65%) | loss: 2.331793 | lrm: 1.00 | dt: 1187.32ms | tok/sec: 220,786 | mfu: 0.00 | epoch: 1 | total time: 3.64m
step 00197 (13.73%) | loss: 2.326968 | lrm: 1.00 | dt: 1182.02ms | tok/sec: 221,776 | mfu: 0.00 | epoch: 1 | total time: 3.66m
step 00198 (13.79%) | loss: 2.333334 | lrm: 1.00 | dt: 1182.67ms | tok/sec: 221,654 | mfu: 0.00 | epoch: 1 | total time: 3.68m
step 00199 (13.86%) | loss: 2.298286 | lrm: 1.00 | dt: 1185.93ms | tok/sec: 221,045 | mfu: 0.00 | epoch: 1 | total time: 3.70m
step 00200 (13.94%) | loss: 2.277577 | lrm: 1.00 | dt: 1180.54ms | tok/sec: 222,055 | mfu: 0.00 | epoch: 1 | total time: 3.72m
Step 00200 | Validation bpb: 0.7211
step 00201 (14.01%) | loss: 2.298841 | lrm: 1.00 | dt: 1185.00ms | tok/sec: 221,219 | mfu: 0.00 | epoch: 1 | total time: 3.74m
step 00202 (14.07%) | loss: 2.306448 | lrm: 1.00 | dt: 1178.93ms | tok/sec: 222,356 | mfu: 0.00 | epoch: 1 | total time: 3.76m
step 00203 (14.14%) | loss: 2.282709 | lrm: 1.00 | dt: 1183.17ms | tok/sec: 221,559 | mfu: 0.00 | epoch: 1 | total time: 3.78m
step 00204 (14.22%) | loss: 2.262562 | lrm: 1.00 | dt: 1183.03ms | tok/sec: 221,586 | mfu: 0.00 | epoch: 1 | total time: 3.80m
step 00205 (14.28%) | loss: 2.295963 | lrm: 1.00 | dt: 1180.80ms | tok/sec: 222,004 | mfu: 0.00 | epoch: 1 | total time: 3.82m
step 00206 (14.35%) | loss: 2.321676 | lrm: 1.00 | dt: 1183.09ms | tok/sec: 221,575 | mfu: 0.00 | epoch: 1 | total time: 3.84m
step 00207 (14.41%) | loss: 2.306725 | lrm: 1.00 | dt: 1178.93ms | tok/sec: 222,358 | mfu: 0.00 | epoch: 1 | total time: 3.86m
step 00208 (14.48%) | loss: 2.326677 | lrm: 1.00 | dt: 1186.12ms | tok/sec: 221,010 | mfu: 0.00 | epoch: 1 | total time: 3.88m
step 00209 (14.55%) | loss: 2.304921 | lrm: 1.00 | dt: 1180.49ms | tok/sec: 222,064 | mfu: 0.00 | epoch: 1 | total time: 3.90m
step 00210 (14.61%) | loss: 2.317995 | lrm: 1.00 | dt: 1184.81ms | tok/sec: 221,254 | mfu: 0.00 | epoch: 1 | total time: 3.92m
step 00211 (14.68%) | loss: 2.313500 | lrm: 1.00 | dt: 1180.29ms | tok/sec: 222,100 | mfu: 0.00 | epoch: 1 | total time: 3.94m
step 00212 (14.75%) | loss: 2.293961 | lrm: 1.00 | dt: 1184.47ms | tok/sec: 221,316 | mfu: 0.00 | epoch: 1 | total time: 3.96m
step 00213 (14.83%) | loss: 2.285736 | lrm: 1.00 | dt: 1174.51ms | tok/sec: 223,194 | mfu: 0.00 | epoch: 1 | total time: 3.98m
step 00214 (14.89%) | loss: 2.306515 | lrm: 1.00 | dt: 1185.36ms | tok/sec: 221,151 | mfu: 0.00 | epoch: 1 | total time: 4.00m
step 00215 (14.96%) | loss: 2.293271 | lrm: 1.00 | dt: 1178.95ms | tok/sec: 222,354 | mfu: 0.00 | epoch: 1 | total time: 4.02m
step 00216 (15.03%) | loss: 2.311802 | lrm: 1.00 | dt: 1179.91ms | tok/sec: 222,173 | mfu: 0.00 | epoch: 1 | total time: 4.04m
step 00217 (15.10%) | loss: 2.302836 | lrm: 1.00 | dt: 1181.33ms | tok/sec: 221,906 | mfu: 0.00 | epoch: 1 | total time: 4.05m
step 00218 (15.17%) | loss: 2.320553 | lrm: 1.00 | dt: 1182.86ms | tok/sec: 221,618 | mfu: 0.00 | epoch: 1 | total time: 4.07m
step 00219 (15.24%) | loss: 2.321715 | lrm: 1.00 | dt: 1180.08ms | tok/sec: 222,140 | mfu: 0.00 | epoch: 1 | total time: 4.09m
step 00220 (15.31%) | loss: 2.298918 | lrm: 1.00 | dt: 1177.26ms | tok/sec: 222,672 | mfu: 0.00 | epoch: 1 | total time: 4.11m
step 00221 (15.39%) | loss: 2.319468 | lrm: 1.00 | dt: 1182.94ms | tok/sec: 221,603 | mfu: 0.00 | epoch: 1 | total time: 4.13m
step 00222 (15.45%) | loss: 2.321564 | lrm: 1.00 | dt: 1182.37ms | tok/sec: 221,709 | mfu: 0.00 | epoch: 1 | total time: 4.15m
step 00223 (15.51%) | loss: 2.335041 | lrm: 1.00 | dt: 1180.40ms | tok/sec: 222,080 | mfu: 0.00 | epoch: 1 | total time: 4.17m
step 00224 (15.58%) | loss: 2.331920 | lrm: 1.00 | dt: 1185.24ms | tok/sec: 221,173 | mfu: 0.00 | epoch: 1 | total time: 4.19m
step 00225 (15.65%) | loss: 2.326743 | lrm: 1.00 | dt: 1180.96ms | tok/sec: 221,975 | mfu: 0.00 | epoch: 1 | total time: 4.21m
step 00226 (15.72%) | loss: 2.321600 | lrm: 1.00 | dt: 1182.42ms | tok/sec: 221,701 | mfu: 0.00 | epoch: 1 | total time: 4.23m
step 00227 (15.80%) | loss: 2.279305 | lrm: 1.00 | dt: 1180.62ms | tok/sec: 222,039 | mfu: 0.00 | epoch: 1 | total time: 4.25m
step 00228 (15.87%) | loss: 2.287959 | lrm: 1.00 | dt: 1182.29ms | tok/sec: 221,726 | mfu: 0.00 | epoch: 1 | total time: 4.27m
step 00229 (15.93%) | loss: 2.287878 | lrm: 1.00 | dt: 1182.94ms | tok/sec: 221,604 | mfu: 0.00 | epoch: 1 | total time: 4.29m
step 00230 (16.00%) | loss: 2.254140 | lrm: 1.00 | dt: 1181.08ms | tok/sec: 221,953 | mfu: 0.00 | epoch: 1 | total time: 4.31m
step 00231 (16.08%) | loss: 2.252093 | lrm: 1.00 | dt: 1176.10ms | tok/sec: 222,892 | mfu: 0.00 | epoch: 1 | total time: 4.33m
step 00232 (16.14%) | loss: 2.272201 | lrm: 1.00 | dt: 1184.28ms | tok/sec: 221,352 | mfu: 0.00 | epoch: 1 | total time: 4.35m
step 00233 (16.21%) | loss: 2.265619 | lrm: 1.00 | dt: 1181.02ms | tok/sec: 221,964 | mfu: 0.00 | epoch: 1 | total time: 4.37m
step 00234 (16.28%) | loss: 2.244523 | lrm: 1.00 | dt: 1181.71ms | tok/sec: 221,834 | mfu: 0.00 | epoch: 1 | total time: 4.39m
step 00235 (16.35%) | loss: 2.247377 | lrm: 1.00 | dt: 1177.04ms | tok/sec: 222,714 | mfu: 0.00 | epoch: 1 | total time: 4.41m
step 00236 (16.42%) | loss: 2.247528 | lrm: 1.00 | dt: 1186.93ms | tok/sec: 220,858 | mfu: 0.00 | epoch: 1 | total time: 4.43m
step 00237 (16.49%) | loss: 2.232954 | lrm: 1.00 | dt: 1180.01ms | tok/sec: 222,154 | mfu: 0.00 | epoch: 1 | total time: 4.45m
step 00238 (16.56%) | loss: 2.241228 | lrm: 1.00 | dt: 1178.32ms | tok/sec: 222,472 | mfu: 0.00 | epoch: 1 | total time: 4.47m
step 00239 (16.63%) | loss: 2.233233 | lrm: 1.00 | dt: 1180.62ms | tok/sec: 222,039 | mfu: 0.00 | epoch: 1 | total time: 4.49m
step 00240 (16.69%) | loss: 2.247412 | lrm: 1.00 | dt: 1185.53ms | tok/sec: 221,119 | mfu: 0.00 | epoch: 1 | total time: 4.51m
step 00241 (16.76%) | loss: 2.210513 | lrm: 1.00 | dt: 1179.71ms | tok/sec: 222,211 | mfu: 0.00 | epoch: 1 | total time: 4.53m
step 00242 (16.83%) | loss: 2.206964 | lrm: 1.00 | dt: 1181.71ms | tok/sec: 221,834 | mfu: 0.00 | epoch: 1 | total time: 4.55m
step 00243 (16.91%) | loss: 2.211467 | lrm: 1.00 | dt: 1181.97ms | tok/sec: 221,785 | mfu: 0.00 | epoch: 1 | total time: 4.57m
step 00244 (16.98%) | loss: 2.235497 | lrm: 1.00 | dt: 1180.03ms | tok/sec: 222,151 | mfu: 0.00 | epoch: 1 | total time: 4.59m
step 00245 (17.05%) | loss: 2.228468 | lrm: 1.00 | dt: 1184.41ms | tok/sec: 221,327 | mfu: 0.00 | epoch: 1 | total time: 4.61m
step 00246 (17.12%) | loss: 2.239899 | lrm: 1.00 | dt: 1183.19ms | tok/sec: 221,556 | mfu: 0.00 | epoch: 1 | total time: 4.63m
step 00247 (17.20%) | loss: 2.230321 | lrm: 1.00 | dt: 1177.79ms | tok/sec: 222,573 | mfu: 0.00 | epoch: 1 | total time: 4.65m
step 00248 (17.27%) | loss: 2.265583 | lrm: 1.00 | dt: 1184.64ms | tok/sec: 221,286 | mfu: 0.00 | epoch: 1 | total time: 4.67m
step 00249 (17.34%) | loss: 2.241949 | lrm: 1.00 | dt: 1182.71ms | tok/sec: 221,647 | mfu: 0.00 | epoch: 1 | total time: 4.68m
step 00250 (17.41%) | loss: 2.270102 | lrm: 1.00 | dt: 1179.60ms | tok/sec: 222,230 | mfu: 0.00 | epoch: 1 | total time: 4.70m
Step 00250 | Validation bpb: 0.7030
step 00251 (17.48%) | loss: 2.264223 | lrm: 1.00 | dt: 1188.13ms | tok/sec: 220,636 | mfu: 0.00 | epoch: 1 | total time: 4.72m
step 00252 (17.55%) | loss: 2.266478 | lrm: 1.00 | dt: 1179.27ms | tok/sec: 222,293 | mfu: 0.00 | epoch: 1 | total time: 4.74m
step 00253 (17.61%) | loss: 2.245158 | lrm: 1.00 | dt: 1181.52ms | tok/sec: 221,870 | mfu: 0.00 | epoch: 1 | total time: 4.76m
step 00254 (17.68%) | loss: 2.241292 | lrm: 1.00 | dt: 1179.50ms | tok/sec: 222,250 | mfu: 0.00 | epoch: 1 | total time: 4.78m
step 00255 (17.75%) | loss: 2.233598 | lrm: 1.00 | dt: 1180.39ms | tok/sec: 222,082 | mfu: 0.00 | epoch: 1 | total time: 4.80m
step 00256 (17.82%) | loss: 2.254618 | lrm: 1.00 | dt: 1178.19ms | tok/sec: 222,497 | mfu: 0.00 | epoch: 1 | total time: 4.82m
step 00257 (17.89%) | loss: 2.255845 | lrm: 1.00 | dt: 1182.50ms | tok/sec: 221,686 | mfu: 0.00 | epoch: 1 | total time: 4.84m
step 00258 (17.96%) | loss: 2.270886 | lrm: 1.00 | dt: 1178.51ms | tok/sec: 222,437 | mfu: 0.00 | epoch: 1 | total time: 4.86m
step 00259 (18.02%) | loss: 2.267414 | lrm: 1.00 | dt: 1181.60ms | tok/sec: 221,855 | mfu: 0.00 | epoch: 1 | total time: 4.88m
step 00260 (18.10%) | loss: 2.257488 | lrm: 1.00 | dt: 1181.38ms | tok/sec: 221,896 | mfu: 0.00 | epoch: 1 | total time: 4.90m
step 00261 (18.16%) | loss: 2.249110 | lrm: 1.00 | dt: 1181.53ms | tok/sec: 221,868 | mfu: 0.00 | epoch: 1 | total time: 4.92m
step 00262 (18.23%) | loss: 2.223337 | lrm: 1.00 | dt: 1180.04ms | tok/sec: 222,147 | mfu: 0.00 | epoch: 1 | total time: 4.94m
step 00263 (18.30%) | loss: 2.219896 | lrm: 1.00 | dt: 1178.09ms | tok/sec: 222,515 | mfu: 0.00 | epoch: 1 | total time: 4.96m
step 00264 (18.37%) | loss: 2.224276 | lrm: 1.00 | dt: 1182.36ms | tok/sec: 221,712 | mfu: 0.00 | epoch: 1 | total time: 4.98m
step 00265 (18.44%) | loss: 2.217810 | lrm: 1.00 | dt: 1181.43ms | tok/sec: 221,887 | mfu: 0.00 | epoch: 1 | total time: 5.00m
step 00266 (18.51%) | loss: 2.223005 | lrm: 1.00 | dt: 1183.60ms | tok/sec: 221,479 | mfu: 0.00 | epoch: 1 | total time: 5.02m
step 00267 (18.57%) | loss: 2.197617 | lrm: 1.00 | dt: 1178.20ms | tok/sec: 222,496 | mfu: 0.00 | epoch: 1 | total time: 5.04m
step 00268 (18.64%) | loss: 2.210641 | lrm: 1.00 | dt: 1185.54ms | tok/sec: 221,118 | mfu: 0.00 | epoch: 1 | total time: 5.06m
step 00269 (18.71%) | loss: 2.205758 | lrm: 1.00 | dt: 1182.72ms | tok/sec: 221,644 | mfu: 0.00 | epoch: 1 | total time: 5.08m
step 00270 (18.78%) | loss: 2.202513 | lrm: 1.00 | dt: 1177.92ms | tok/sec: 222,548 | mfu: 0.00 | epoch: 1 | total time: 5.10m
step 00271 (18.84%) | loss: 2.244118 | lrm: 1.00 | dt: 1180.89ms | tok/sec: 221,989 | mfu: 0.00 | epoch: 1 | total time: 5.12m
step 00272 (18.91%) | loss: 2.250433 | lrm: 1.00 | dt: 1181.78ms | tok/sec: 221,820 | mfu: 0.00 | epoch: 1 | total time: 5.14m
step 00273 (18.99%) | loss: 2.239792 | lrm: 1.00 | dt: 1183.36ms | tok/sec: 221,525 | mfu: 0.00 | epoch: 1 | total time: 5.16m
step 00274 (19.06%) | loss: 2.216989 | lrm: 1.00 | dt: 1180.34ms | tok/sec: 222,092 | mfu: 0.00 | epoch: 1 | total time: 5.18m
step 00275 (19.13%) | loss: 2.201191 | lrm: 1.00 | dt: 1184.25ms | tok/sec: 221,358 | mfu: 0.00 | epoch: 1 | total time: 5.20m
step 00276 (19.19%) | loss: 2.207096 | lrm: 1.00 | dt: 1181.38ms | tok/sec: 221,895 | mfu: 0.00 | epoch: 1 | total time: 5.22m
step 00277 (19.25%) | loss: 2.195456 | lrm: 1.00 | dt: 1177.97ms | tok/sec: 222,539 | mfu: 0.00 | epoch: 1 | total time: 5.24m
step 00278 (19.31%) | loss: 2.180835 | lrm: 1.00 | dt: 1179.57ms | tok/sec: 222,237 | mfu: 0.00 | epoch: 1 | total time: 5.26m
step 00279 (19.39%) | loss: 2.175742 | lrm: 1.00 | dt: 1184.00ms | tok/sec: 221,406 | mfu: 0.00 | epoch: 1 | total time: 5.28m
step 00280 (19.45%) | loss: 2.212098 | lrm: 1.00 | dt: 1182.02ms | tok/sec: 221,776 | mfu: 0.00 | epoch: 1 | total time: 5.30m
step 00281 (19.52%) | loss: 2.224122 | lrm: 1.00 | dt: 1183.91ms | tok/sec: 221,421 | mfu: 0.00 | epoch: 1 | total time: 5.31m
step 00282 (19.60%) | loss: 2.216917 | lrm: 1.00 | dt: 1181.00ms | tok/sec: 221,968 | mfu: 0.00 | epoch: 1 | total time: 5.33m
step 00283 (19.66%) | loss: 2.177642 | lrm: 1.00 | dt: 1181.55ms | tok/sec: 221,865 | mfu: 0.00 | epoch: 1 | total time: 5.35m
step 00284 (19.73%) | loss: 2.176070 | lrm: 1.00 | dt: 1182.49ms | tok/sec: 221,688 | mfu: 0.00 | epoch: 1 | total time: 5.37m
step 00285 (19.80%) | loss: 2.179985 | lrm: 1.00 | dt: 1181.26ms | tok/sec: 221,919 | mfu: 0.00 | epoch: 1 | total time: 5.39m
step 00286 (19.87%) | loss: 2.164140 | lrm: 1.00 | dt: 1184.98ms | tok/sec: 221,222 | mfu: 0.00 | epoch: 1 | total time: 5.41m
step 00287 (19.93%) | loss: 2.160741 | lrm: 1.00 | dt: 1184.90ms | tok/sec: 221,236 | mfu: 0.00 | epoch: 1 | total time: 5.43m
step 00288 (20.01%) | loss: 2.181442 | lrm: 1.00 | dt: 1182.26ms | tok/sec: 221,731 | mfu: 0.00 | epoch: 1 | total time: 5.45m
step 00289 (20.07%) | loss: 2.172808 | lrm: 1.00 | dt: 1181.73ms | tok/sec: 221,831 | mfu: 0.00 | epoch: 1 | total time: 5.47m
step 00290 (20.13%) | loss: 2.146439 | lrm: 1.00 | dt: 1185.45ms | tok/sec: 221,135 | mfu: 0.00 | epoch: 1 | total time: 5.49m
step 00291 (20.21%) | loss: 2.156976 | lrm: 1.00 | dt: 1181.37ms | tok/sec: 221,898 | mfu: 0.00 | epoch: 1 | total time: 5.51m
step 00292 (20.28%) | loss: 2.157612 | lrm: 1.00 | dt: 1182.25ms | tok/sec: 221,732 | mfu: 0.00 | epoch: 1 | total time: 5.53m
step 00293 (20.36%) | loss: 2.152649 | lrm: 1.00 | dt: 1180.40ms | tok/sec: 222,081 | mfu: 0.00 | epoch: 1 | total time: 5.55m
step 00294 (20.43%) | loss: 2.143644 | lrm: 1.00 | dt: 1184.38ms | tok/sec: 221,335 | mfu: 0.00 | epoch: 1 | total time: 5.57m
step 00295 (20.51%) | loss: 2.167636 | lrm: 1.00 | dt: 1183.33ms | tok/sec: 221,531 | mfu: 0.00 | epoch: 1 | total time: 5.59m
step 00296 (20.58%) | loss: 2.168276 | lrm: 1.00 | dt: 1181.73ms | tok/sec: 221,830 | mfu: 0.00 | epoch: 1 | total time: 5.61m
step 00297 (20.64%) | loss: 2.166171 | lrm: 1.00 | dt: 1187.37ms | tok/sec: 220,776 | mfu: 0.00 | epoch: 1 | total time: 5.63m
step 00298 (20.72%) | loss: 2.131602 | lrm: 1.00 | dt: 1182.39ms | tok/sec: 221,706 | mfu: 0.00 | epoch: 1 | total time: 5.65m
step 00299 (20.78%) | loss: 2.128220 | lrm: 1.00 | dt: 1185.27ms | tok/sec: 221,167 | mfu: 0.00 | epoch: 1 | total time: 5.67m
step 00300 (20.85%) | loss: 2.147072 | lrm: 1.00 | dt: 1179.89ms | tok/sec: 222,177 | mfu: 0.00 | epoch: 1 | total time: 5.69m
Step 00300 | Validation bpb: 0.6908
step 00301 (20.92%) | loss: 2.140584 | lrm: 1.00 | dt: 1183.97ms | tok/sec: 221,410 | mfu: 0.00 | epoch: 1 | total time: 5.71m
step 00302 (20.98%) | loss: 2.156407 | lrm: 1.00 | dt: 1179.37ms | tok/sec: 222,273 | mfu: 0.00 | epoch: 1 | total time: 5.73m
step 00303 (21.05%) | loss: 2.176426 | lrm: 1.00 | dt: 1180.64ms | tok/sec: 222,035 | mfu: 0.00 | epoch: 1 | total time: 5.75m
step 00304 (21.12%) | loss: 2.189966 | lrm: 1.00 | dt: 1182.28ms | tok/sec: 221,726 | mfu: 0.00 | epoch: 1 | total time: 5.77m
step 00305 (21.19%) | loss: 2.184861 | lrm: 1.00 | dt: 1180.28ms | tok/sec: 222,103 | mfu: 0.00 | epoch: 1 | total time: 5.79m
step 00306 (21.26%) | loss: 2.182874 | lrm: 1.00 | dt: 1184.55ms | tok/sec: 221,303 | mfu: 0.00 | epoch: 1 | total time: 5.81m
step 00307 (21.33%) | loss: 2.201246 | lrm: 1.00 | dt: 1177.44ms | tok/sec: 222,639 | mfu: 0.00 | epoch: 1 | total time: 5.83m
step 00308 (21.40%) | loss: 2.171454 | lrm: 1.00 | dt: 1184.75ms | tok/sec: 221,266 | mfu: 0.00 | epoch: 1 | total time: 5.85m
step 00309 (21.46%) | loss: 2.197888 | lrm: 1.00 | dt: 1184.76ms | tok/sec: 221,264 | mfu: 0.00 | epoch: 1 | total time: 5.87m
step 00310 (21.52%) | loss: 2.211928 | lrm: 1.00 | dt: 1181.93ms | tok/sec: 221,792 | mfu: 0.00 | epoch: 1 | total time: 5.89m
step 00311 (21.58%) | loss: 2.209479 | lrm: 1.00 | dt: 1178.71ms | tok/sec: 222,399 | mfu: 0.00 | epoch: 1 | total time: 5.91m
step 00312 (21.65%) | loss: 2.197954 | lrm: 1.00 | dt: 1181.67ms | tok/sec: 221,842 | mfu: 0.00 | epoch: 1 | total time: 5.93m
step 00313 (21.73%) | loss: 2.155101 | lrm: 1.00 | dt: 1181.57ms | tok/sec: 221,860 | mfu: 0.00 | epoch: 1 | total time: 5.95m
step 00314 (21.81%) | loss: 2.156368 | lrm: 1.00 | dt: 1180.77ms | tok/sec: 222,010 | mfu: 0.00 | epoch: 1 | total time: 5.97m
step 00315 (21.87%) | loss: 2.130537 | lrm: 1.00 | dt: 1181.91ms | tok/sec: 221,796 | mfu: 0.00 | epoch: 1 | total time: 5.98m
step 00316 (21.93%) | loss: 2.139365 | lrm: 1.00 | dt: 1182.69ms | tok/sec: 221,650 | mfu: 0.00 | epoch: 1 | total time: 6.00m
step 00317 (22.00%) | loss: 2.158939 | lrm: 1.00 | dt: 1178.61ms | tok/sec: 222,417 | mfu: 0.00 | epoch: 1 | total time: 6.02m
step 00318 (22.07%) | loss: 2.179426 | lrm: 1.00 | dt: 1183.93ms | tok/sec: 221,417 | mfu: 0.00 | epoch: 1 | total time: 6.04m
step 00319 (22.15%) | loss: 2.166719 | lrm: 1.00 | dt: 1176.22ms | tok/sec: 222,869 | mfu: 0.00 | epoch: 1 | total time: 6.06m
step 00320 (22.22%) | loss: 2.153432 | lrm: 1.00 | dt: 1183.62ms | tok/sec: 221,476 | mfu: 0.00 | epoch: 1 | total time: 6.08m
step 00321 (22.28%) | loss: 2.141302 | lrm: 1.00 | dt: 1178.22ms | tok/sec: 222,492 | mfu: 0.00 | epoch: 1 | total time: 6.10m
step 00322 (22.36%) | loss: 2.155122 | lrm: 1.00 | dt: 1184.48ms | tok/sec: 221,315 | mfu: 0.00 | epoch: 1 | total time: 6.12m
step 00323 (22.43%) | loss: 2.165316 | lrm: 1.00 | dt: 1183.22ms | tok/sec: 221,551 | mfu: 0.00 | epoch: 1 | total time: 6.14m
step 00324 (22.50%) | loss: 2.161868 | lrm: 1.00 | dt: 1181.34ms | tok/sec: 221,903 | mfu: 0.00 | epoch: 1 | total time: 6.16m
step 00325 (22.56%) | loss: 2.157787 | lrm: 1.00 | dt: 1178.57ms | tok/sec: 222,425 | mfu: 0.00 | epoch: 1 | total time: 6.18m
step 00326 (22.63%) | loss: 2.150698 | lrm: 1.00 | dt: 1182.46ms | tok/sec: 221,693 | mfu: 0.00 | epoch: 1 | total time: 6.20m
step 00327 (22.69%) | loss: 2.164780 | lrm: 1.00 | dt: 1181.10ms | tok/sec: 221,948 | mfu: 0.00 | epoch: 1 | total time: 6.22m
step 00328 (22.76%) | loss: 2.160145 | lrm: 1.00 | dt: 1182.56ms | tok/sec: 221,674 | mfu: 0.00 | epoch: 1 | total time: 6.24m
step 00329 (22.83%) | loss: 2.143982 | lrm: 1.00 | dt: 1177.75ms | tok/sec: 222,579 | mfu: 0.00 | epoch: 1 | total time: 6.26m
step 00330 (22.90%) | loss: 2.149317 | lrm: 1.00 | dt: 1185.67ms | tok/sec: 221,094 | mfu: 0.00 | epoch: 1 | total time: 6.28m
step 00331 (22.96%) | loss: 2.157956 | lrm: 1.00 | dt: 1181.10ms | tok/sec: 221,949 | mfu: 0.00 | epoch: 1 | total time: 6.30m
step 00332 (23.04%) | loss: 2.146326 | lrm: 1.00 | dt: 1179.21ms | tok/sec: 222,305 | mfu: 0.00 | epoch: 1 | total time: 6.32m
step 00333 (23.11%) | loss: 2.145647 | lrm: 1.00 | dt: 1176.93ms | tok/sec: 222,735 | mfu: 0.00 | epoch: 1 | total time: 6.34m
step 00334 (23.18%) | loss: 2.155022 | lrm: 1.00 | dt: 1184.68ms | tok/sec: 221,277 | mfu: 0.00 | epoch: 1 | total time: 6.36m
step 00335 (23.26%) | loss: 2.185050 | lrm: 1.00 | dt: 1181.67ms | tok/sec: 221,841 | mfu: 0.00 | epoch: 1 | total time: 6.38m
step 00336 (23.32%) | loss: 2.194531 | lrm: 1.00 | dt: 1185.07ms | tok/sec: 221,206 | mfu: 0.00 | epoch: 1 | total time: 6.40m
step 00337 (23.40%) | loss: 2.196550 | lrm: 1.00 | dt: 1177.90ms | tok/sec: 222,551 | mfu: 0.00 | epoch: 1 | total time: 6.42m
step 00338 (23.47%) | loss: 2.195708 | lrm: 1.00 | dt: 1180.80ms | tok/sec: 222,005 | mfu: 0.00 | epoch: 1 | total time: 6.44m
step 00339 (23.54%) | loss: 2.184037 | lrm: 1.00 | dt: 1181.23ms | tok/sec: 221,924 | mfu: 0.00 | epoch: 1 | total time: 6.46m
step 00340 (23.61%) | loss: 2.195293 | lrm: 1.00 | dt: 1182.38ms | tok/sec: 221,708 | mfu: 0.00 | epoch: 1 | total time: 6.48m
step 00341 (23.68%) | loss: 2.211044 | lrm: 1.00 | dt: 1181.24ms | tok/sec: 221,921 | mfu: 0.00 | epoch: 1 | total time: 6.50m
step 00342 (23.75%) | loss: 2.208613 | lrm: 1.00 | dt: 1187.00ms | tok/sec: 220,846 | mfu: 0.00 | epoch: 1 | total time: 6.52m
step 00343 (23.83%) | loss: 2.205702 | lrm: 1.00 | dt: 1177.83ms | tok/sec: 222,565 | mfu: 0.00 | epoch: 1 | total time: 6.54m
step 00344 (23.90%) | loss: 2.218208 | lrm: 1.00 | dt: 1181.56ms | tok/sec: 221,862 | mfu: 0.00 | epoch: 1 | total time: 6.56m
step 00345 (23.97%) | loss: 2.166623 | lrm: 1.00 | dt: 1180.71ms | tok/sec: 222,021 | mfu: 0.00 | epoch: 1 | total time: 6.58m
step 00346 (24.04%) | loss: 2.166992 | lrm: 1.00 | dt: 1182.20ms | tok/sec: 221,741 | mfu: 0.00 | epoch: 1 | total time: 6.60m
step 00347 (24.11%) | loss: 2.151670 | lrm: 1.00 | dt: 1182.29ms | tok/sec: 221,726 | mfu: 0.00 | epoch: 1 | total time: 6.62m
step 00348 (24.18%) | loss: 2.165355 | lrm: 1.00 | dt: 1183.41ms | tok/sec: 221,516 | mfu: 0.00 | epoch: 1 | total time: 6.63m
step 00349 (24.25%) | loss: 2.147467 | lrm: 1.00 | dt: 1178.26ms | tok/sec: 222,483 | mfu: 0.00 | epoch: 1 | total time: 6.65m
step 00350 (24.32%) | loss: 2.143900 | lrm: 1.00 | dt: 1183.82ms | tok/sec: 221,438 | mfu: 0.00 | epoch: 1 | total time: 6.67m
Step 00350 | Validation bpb: 0.6787
step 00351 (24.40%) | loss: 2.120408 | lrm: 1.00 | dt: 1187.65ms | tok/sec: 220,725 | mfu: 0.00 | epoch: 1 | total time: 6.69m
step 00352 (24.47%) | loss: 2.125942 | lrm: 1.00 | dt: 1182.44ms | tok/sec: 221,698 | mfu: 0.00 | epoch: 1 | total time: 6.71m
step 00353 (24.54%) | loss: 2.130623 | lrm: 1.00 | dt: 1181.02ms | tok/sec: 221,964 | mfu: 0.00 | epoch: 1 | total time: 6.73m
step 00354 (24.60%) | loss: 2.105120 | lrm: 1.00 | dt: 1177.90ms | tok/sec: 222,551 | mfu: 0.00 | epoch: 1 | total time: 6.75m
step 00355 (24.66%) | loss: 2.117465 | lrm: 1.00 | dt: 1178.26ms | tok/sec: 222,484 | mfu: 0.00 | epoch: 1 | total time: 6.77m
step 00356 (24.74%) | loss: 2.129414 | lrm: 1.00 | dt: 1178.85ms | tok/sec: 222,372 | mfu: 0.00 | epoch: 1 | total time: 6.79m
step 00357 (24.82%) | loss: 2.152534 | lrm: 1.00 | dt: 1181.90ms | tok/sec: 221,798 | mfu: 0.00 | epoch: 1 | total time: 6.81m
step 00358 (24.88%) | loss: 2.130843 | lrm: 1.00 | dt: 1183.01ms | tok/sec: 221,589 | mfu: 0.00 | epoch: 1 | total time: 6.83m
step 00359 (24.95%) | loss: 2.150939 | lrm: 1.00 | dt: 1181.21ms | tok/sec: 221,929 | mfu: 0.00 | epoch: 1 | total time: 6.85m
step 00360 (25.02%) | loss: 2.146442 | lrm: 1.00 | dt: 1181.39ms | tok/sec: 221,894 | mfu: 0.00 | epoch: 1 | total time: 6.87m
step 00361 (25.09%) | loss: 2.145626 | lrm: 1.00 | dt: 1183.23ms | tok/sec: 221,549 | mfu: 0.00 | epoch: 1 | total time: 6.89m
step 00362 (25.16%) | loss: 2.135456 | lrm: 1.00 | dt: 1179.48ms | tok/sec: 222,253 | mfu: 0.00 | epoch: 1 | total time: 6.91m
step 00363 (25.22%) | loss: 2.153641 | lrm: 1.00 | dt: 1184.20ms | tok/sec: 221,367 | mfu: 0.00 | epoch: 1 | total time: 6.93m
step 00364 (25.30%) | loss: 2.149562 | lrm: 1.00 | dt: 1177.84ms | tok/sec: 222,562 | mfu: 0.00 | epoch: 1 | total time: 6.95m
step 00365 (25.36%) | loss: 2.138323 | lrm: 1.00 | dt: 1186.21ms | tok/sec: 220,992 | mfu: 0.00 | epoch: 1 | total time: 6.97m
step 00366 (25.43%) | loss: 2.153626 | lrm: 1.00 | dt: 1180.49ms | tok/sec: 222,063 | mfu: 0.00 | epoch: 1 | total time: 6.99m
step 00367 (25.50%) | loss: 2.141522 | lrm: 1.00 | dt: 1184.78ms | tok/sec: 221,259 | mfu: 0.00 | epoch: 1 | total time: 7.01m
step 00368 (25.56%) | loss: 2.109887 | lrm: 1.00 | dt: 1183.55ms | tok/sec: 221,489 | mfu: 0.00 | epoch: 1 | total time: 7.03m
step 00369 (25.63%) | loss: 2.182366 | lrm: 1.00 | dt: 1181.94ms | tok/sec: 221,791 | mfu: 0.00 | epoch: 1 | total time: 7.05m
step 00370 (25.70%) | loss: 2.172758 | lrm: 1.00 | dt: 1182.63ms | tok/sec: 221,661 | mfu: 0.00 | epoch: 1 | total time: 7.07m
step 00371 (25.78%) | loss: 2.160917 | lrm: 1.00 | dt: 1182.18ms | tok/sec: 221,746 | mfu: 0.00 | epoch: 1 | total time: 7.09m
step 00372 (25.85%) | loss: 2.172398 | lrm: 1.00 | dt: 1184.88ms | tok/sec: 221,241 | mfu: 0.00 | epoch: 1 | total time: 7.11m
step 00373 (25.92%) | loss: 2.169773 | lrm: 1.00 | dt: 1176.80ms | tok/sec: 222,760 | mfu: 0.00 | epoch: 1 | total time: 7.13m
step 00374 (25.99%) | loss: 2.147309 | lrm: 1.00 | dt: 1188.10ms | tok/sec: 220,642 | mfu: 0.00 | epoch: 1 | total time: 7.15m
step 00375 (26.06%) | loss: 2.120652 | lrm: 1.00 | dt: 1181.41ms | tok/sec: 221,891 | mfu: 0.00 | epoch: 1 | total time: 7.17m
step 00376 (26.13%) | loss: 2.105280 | lrm: 1.00 | dt: 1176.80ms | tok/sec: 222,759 | mfu: 0.00 | epoch: 1 | total time: 7.19m
step 00377 (26.21%) | loss: 2.140514 | lrm: 1.00 | dt: 1177.88ms | tok/sec: 222,555 | mfu: 0.00 | epoch: 1 | total time: 7.21m
step 00378 (26.28%) | loss: 2.129878 | lrm: 1.00 | dt: 1184.40ms | tok/sec: 221,330 | mfu: 0.00 | epoch: 1 | total time: 7.23m
step 00379 (26.35%) | loss: 2.134791 | lrm: 1.00 | dt: 1180.80ms | tok/sec: 222,004 | mfu: 0.00 | epoch: 1 | total time: 7.25m
step 00380 (26.42%) | loss: 2.135764 | lrm: 1.00 | dt: 1177.96ms | tok/sec: 222,541 | mfu: 0.00 | epoch: 1 | total time: 7.26m
step 00381 (26.49%) | loss: 2.122017 | lrm: 1.00 | dt: 1179.17ms | tok/sec: 222,312 | mfu: 0.00 | epoch: 1 | total time: 7.28m
step 00382 (26.55%) | loss: 2.109870 | lrm: 1.00 | dt: 1181.07ms | tok/sec: 221,955 | mfu: 0.00 | epoch: 1 | total time: 7.30m
step 00383 (26.62%) | loss: 2.118746 | lrm: 1.00 | dt: 1183.82ms | tok/sec: 221,439 | mfu: 0.00 | epoch: 1 | total time: 7.32m
step 00384 (26.69%) | loss: 2.104013 | lrm: 1.00 | dt: 1176.08ms | tok/sec: 222,895 | mfu: 0.00 | epoch: 1 | total time: 7.34m
step 00385 (26.77%) | loss: 2.094659 | lrm: 1.00 | dt: 1183.83ms | tok/sec: 221,436 | mfu: 0.00 | epoch: 1 | total time: 7.36m
step 00386 (26.84%) | loss: 2.084198 | lrm: 1.00 | dt: 1184.44ms | tok/sec: 221,323 | mfu: 0.00 | epoch: 1 | total time: 7.38m
step 00387 (26.90%) | loss: 2.104701 | lrm: 1.00 | dt: 1178.99ms | tok/sec: 222,346 | mfu: 0.00 | epoch: 1 | total time: 7.40m
step 00388 (26.98%) | loss: 2.066204 | lrm: 1.00 | dt: 1179.56ms | tok/sec: 222,237 | mfu: 0.00 | epoch: 1 | total time: 7.42m
step 00389 (27.05%) | loss: 2.076681 | lrm: 1.00 | dt: 1182.65ms | tok/sec: 221,657 | mfu: 0.00 | epoch: 1 | total time: 7.44m
step 00390 (27.11%) | loss: 2.056116 | lrm: 1.00 | dt: 1182.57ms | tok/sec: 221,672 | mfu: 0.00 | epoch: 1 | total time: 7.46m
step 00391 (27.18%) | loss: 2.075217 | lrm: 1.00 | dt: 1184.08ms | tok/sec: 221,391 | mfu: 0.00 | epoch: 1 | total time: 7.48m
step 00392 (27.25%) | loss: 2.059854 | lrm: 1.00 | dt: 1181.67ms | tok/sec: 221,842 | mfu: 0.00 | epoch: 1 | total time: 7.50m
step 00393 (27.33%) | loss: 2.105564 | lrm: 1.00 | dt: 1185.89ms | tok/sec: 221,053 | mfu: 0.00 | epoch: 1 | total time: 7.52m
step 00394 (27.40%) | loss: 2.126143 | lrm: 1.00 | dt: 1183.25ms | tok/sec: 221,546 | mfu: 0.00 | epoch: 1 | total time: 7.54m
step 00395 (27.47%) | loss: 2.106073 | lrm: 1.00 | dt: 1180.13ms | tok/sec: 222,132 | mfu: 0.00 | epoch: 1 | total time: 7.56m
step 00396 (27.55%) | loss: 2.108382 | lrm: 1.00 | dt: 1180.72ms | tok/sec: 222,020 | mfu: 0.00 | epoch: 1 | total time: 7.58m
step 00397 (27.61%) | loss: 2.093022 | lrm: 1.00 | dt: 1179.68ms | tok/sec: 222,215 | mfu: 0.00 | epoch: 1 | total time: 7.60m
step 00398 (27.69%) | loss: 2.107365 | lrm: 1.00 | dt: 1188.48ms | tok/sec: 220,570 | mfu: 0.00 | epoch: 1 | total time: 7.62m
step 00399 (27.76%) | loss: 2.093206 | lrm: 1.00 | dt: 1174.15ms | tok/sec: 223,262 | mfu: 0.00 | epoch: 1 | total time: 7.64m
step 00400 (27.83%) | loss: 2.086546 | lrm: 1.00 | dt: 1183.52ms | tok/sec: 221,494 | mfu: 0.00 | epoch: 1 | total time: 7.66m
Step 00400 | Validation bpb: 0.6681
step 00401 (27.92%) | loss: 2.099305 | lrm: 1.00 | dt: 1187.10ms | tok/sec: 220,827 | mfu: 0.00 | epoch: 1 | total time: 7.68m
step 00402 (27.99%) | loss: 2.113286 | lrm: 1.00 | dt: 1184.05ms | tok/sec: 221,396 | mfu: 0.00 | epoch: 1 | total time: 7.70m
step 00403 (28.06%) | loss: 2.101935 | lrm: 1.00 | dt: 1179.90ms | tok/sec: 222,175 | mfu: 0.00 | epoch: 1 | total time: 7.72m
step 00404 (28.12%) | loss: 2.101526 | lrm: 1.00 | dt: 1183.20ms | tok/sec: 221,555 | mfu: 0.00 | epoch: 1 | total time: 7.74m
step 00405 (28.20%) | loss: 2.117023 | lrm: 1.00 | dt: 1174.80ms | tok/sec: 223,138 | mfu: 0.00 | epoch: 1 | total time: 7.76m
step 00406 (28.26%) | loss: 2.144781 | lrm: 1.00 | dt: 1184.98ms | tok/sec: 221,223 | mfu: 0.00 | epoch: 1 | total time: 7.78m
step 00407 (28.33%) | loss: 2.156912 | lrm: 1.00 | dt: 1187.31ms | tok/sec: 220,788 | mfu: 0.00 | epoch: 1 | total time: 7.80m
step 00408 (28.40%) | loss: 2.114548 | lrm: 1.00 | dt: 1180.25ms | tok/sec: 222,108 | mfu: 0.00 | epoch: 1 | total time: 7.82m
step 00409 (28.46%) | loss: 2.115071 | lrm: 1.00 | dt: 1181.59ms | tok/sec: 221,856 | mfu: 0.00 | epoch: 1 | total time: 7.84m
step 00410 (28.53%) | loss: 2.111115 | lrm: 1.00 | dt: 1180.01ms | tok/sec: 222,153 | mfu: 0.00 | epoch: 1 | total time: 7.86m
step 00411 (28.60%) | loss: 2.138071 | lrm: 1.00 | dt: 1181.41ms | tok/sec: 221,890 | mfu: 0.00 | epoch: 1 | total time: 7.88m
step 00412 (28.67%) | loss: 2.113424 | lrm: 1.00 | dt: 1180.86ms | tok/sec: 221,994 | mfu: 0.00 | epoch: 1 | total time: 7.90m
step 00413 (28.73%) | loss: 2.110728 | lrm: 1.00 | dt: 1180.30ms | tok/sec: 222,099 | mfu: 0.00 | epoch: 1 | total time: 7.91m
step 00414 (28.80%) | loss: 2.140199 | lrm: 1.00 | dt: 1183.20ms | tok/sec: 221,555 | mfu: 0.00 | epoch: 1 | total time: 7.93m
step 00415 (28.87%) | loss: 2.116995 | lrm: 1.00 | dt: 1178.81ms | tok/sec: 222,380 | mfu: 0.00 | epoch: 1 | total time: 7.95m
step 00416 (28.94%) | loss: 2.147120 | lrm: 1.00 | dt: 1181.99ms | tok/sec: 221,781 | mfu: 0.00 | epoch: 1 | total time: 7.97m
step 00417 (29.02%) | loss: 2.138760 | lrm: 1.00 | dt: 1181.04ms | tok/sec: 221,960 | mfu: 0.00 | epoch: 1 | total time: 7.99m
step 00418 (29.08%) | loss: 2.127774 | lrm: 1.00 | dt: 1180.62ms | tok/sec: 222,038 | mfu: 0.00 | epoch: 1 | total time: 8.01m
step 00419 (29.15%) | loss: 2.097009 | lrm: 1.00 | dt: 1179.07ms | tok/sec: 222,331 | mfu: 0.00 | epoch: 1 | total time: 8.03m
step 00420 (29.24%) | loss: 2.096877 | lrm: 1.00 | dt: 1187.53ms | tok/sec: 220,746 | mfu: 0.00 | epoch: 1 | total time: 8.05m
step 00421 (29.31%) | loss: 2.090231 | lrm: 1.00 | dt: 1181.32ms | tok/sec: 221,906 | mfu: 0.00 | epoch: 1 | total time: 8.07m
step 00422 (29.38%) | loss: 2.100182 | lrm: 1.00 | dt: 1179.68ms | tok/sec: 222,215 | mfu: 0.00 | epoch: 1 | total time: 8.09m
step 00423 (29.44%) | loss: 2.134117 | lrm: 1.00 | dt: 1181.58ms | tok/sec: 221,858 | mfu: 0.00 | epoch: 1 | total time: 8.11m
step 00424 (29.52%) | loss: 2.128420 | lrm: 1.00 | dt: 1183.06ms | tok/sec: 221,580 | mfu: 0.00 | epoch: 1 | total time: 8.13m
step 00425 (29.58%) | loss: 2.153181 | lrm: 1.00 | dt: 1180.95ms | tok/sec: 221,976 | mfu: 0.00 | epoch: 1 | total time: 8.15m
step 00426 (29.65%) | loss: 2.164666 | lrm: 1.00 | dt: 1182.02ms | tok/sec: 221,776 | mfu: 0.00 | epoch: 1 | total time: 8.17m
step 00427 (29.72%) | loss: 2.187741 | lrm: 1.00 | dt: 1180.19ms | tok/sec: 222,119 | mfu: 0.00 | epoch: 1 | total time: 8.19m
step 00428 (29.78%) | loss: 2.189861 | lrm: 1.00 | dt: 1179.77ms | tok/sec: 222,198 | mfu: 0.00 | epoch: 1 | total time: 8.21m
step 00429 (29.85%) | loss: 2.197115 | lrm: 1.00 | dt: 1182.23ms | tok/sec: 221,736 | mfu: 0.00 | epoch: 1 | total time: 8.23m
step 00430 (29.92%) | loss: 2.167221 | lrm: 1.00 | dt: 1180.71ms | tok/sec: 222,022 | mfu: 0.00 | epoch: 1 | total time: 8.25m
step 00431 (29.99%) | loss: 2.152851 | lrm: 1.00 | dt: 1187.96ms | tok/sec: 220,667 | mfu: 0.00 | epoch: 1 | total time: 8.27m
step 00432 (30.06%) | loss: 2.149112 | lrm: 1.00 | dt: 1178.72ms | tok/sec: 222,396 | mfu: 0.00 | epoch: 1 | total time: 8.29m
step 00433 (30.12%) | loss: 2.116022 | lrm: 1.00 | dt: 1182.11ms | tok/sec: 221,758 | mfu: 0.00 | epoch: 1 | total time: 8.31m
step 00434 (30.19%) | loss: 2.108040 | lrm: 1.00 | dt: 1180.71ms | tok/sec: 222,022 | mfu: 0.00 | epoch: 1 | total time: 8.33m
step 00435 (30.25%) | loss: 2.091924 | lrm: 1.00 | dt: 1180.08ms | tok/sec: 222,140 | mfu: 0.00 | epoch: 1 | total time: 8.35m
step 00436 (30.32%) | loss: 2.077248 | lrm: 1.00 | dt: 1180.16ms | tok/sec: 222,125 | mfu: 0.00 | epoch: 1 | total time: 8.37m
step 00437 (30.39%) | loss: 2.061112 | lrm: 1.00 | dt: 1180.75ms | tok/sec: 222,014 | mfu: 0.00 | epoch: 1 | total time: 8.39m
step 00438 (30.46%) | loss: 2.073046 | lrm: 1.00 | dt: 1180.42ms | tok/sec: 222,077 | mfu: 0.00 | epoch: 1 | total time: 8.41m
step 00439 (30.52%) | loss: 2.066646 | lrm: 1.00 | dt: 1181.91ms | tok/sec: 221,796 | mfu: 0.00 | epoch: 1 | total time: 8.43m
step 00440 (30.59%) | loss: 2.074101 | lrm: 1.00 | dt: 1181.39ms | tok/sec: 221,895 | mfu: 0.00 | epoch: 1 | total time: 8.45m
step 00441 (30.66%) | loss: 2.086133 | lrm: 1.00 | dt: 1180.23ms | tok/sec: 222,112 | mfu: 0.00 | epoch: 1 | total time: 8.47m
step 00442 (30.72%) | loss: 2.068277 | lrm: 1.00 | dt: 1184.92ms | tok/sec: 221,232 | mfu: 0.00 | epoch: 1 | total time: 8.49m
step 00443 (30.79%) | loss: 2.065871 | lrm: 1.00 | dt: 1179.11ms | tok/sec: 222,324 | mfu: 0.00 | epoch: 1 | total time: 8.51m
step 00444 (30.87%) | loss: 2.062252 | lrm: 1.00 | dt: 1179.64ms | tok/sec: 222,222 | mfu: 0.00 | epoch: 1 | total time: 8.53m
step 00445 (30.95%) | loss: 2.055509 | lrm: 1.00 | dt: 1180.98ms | tok/sec: 221,970 | mfu: 0.00 | epoch: 1 | total time: 8.54m
step 00446 (31.02%) | loss: 2.058544 | lrm: 1.00 | dt: 1179.90ms | tok/sec: 222,175 | mfu: 0.00 | epoch: 1 | total time: 8.56m
step 00447 (31.10%) | loss: 2.071993 | lrm: 1.00 | dt: 1183.96ms | tok/sec: 221,413 | mfu: 0.00 | epoch: 1 | total time: 8.58m
step 00448 (31.16%) | loss: 2.072864 | lrm: 1.00 | dt: 1183.32ms | tok/sec: 221,532 | mfu: 0.00 | epoch: 1 | total time: 8.60m
step 00449 (31.23%) | loss: 2.082611 | lrm: 1.00 | dt: 1175.51ms | tok/sec: 223,003 | mfu: 0.00 | epoch: 1 | total time: 8.62m
step 00450 (31.30%) | loss: 2.080219 | lrm: 1.00 | dt: 1183.61ms | tok/sec: 221,478 | mfu: 0.00 | epoch: 1 | total time: 8.64m
Step 00450 | Validation bpb: 0.6628
step 00451 (31.37%) | loss: 2.058187 | lrm: 1.00 | dt: 1186.07ms | tok/sec: 221,019 | mfu: 0.00 | epoch: 1 | total time: 8.66m
step 00452 (31.44%) | loss: 2.076079 | lrm: 1.00 | dt: 1178.03ms | tok/sec: 222,527 | mfu: 0.00 | epoch: 1 | total time: 8.68m
step 00453 (31.51%) | loss: 2.079430 | lrm: 1.00 | dt: 1184.30ms | tok/sec: 221,349 | mfu: 0.00 | epoch: 1 | total time: 8.70m
step 00454 (31.59%) | loss: 2.061352 | lrm: 1.00 | dt: 1178.46ms | tok/sec: 222,446 | mfu: 0.00 | epoch: 1 | total time: 8.72m
step 00455 (31.65%) | loss: 2.052640 | lrm: 1.00 | dt: 1178.63ms | tok/sec: 222,414 | mfu: 0.00 | epoch: 1 | total time: 8.74m
step 00456 (31.72%) | loss: 2.062799 | lrm: 1.00 | dt: 1185.24ms | tok/sec: 221,174 | mfu: 0.00 | epoch: 1 | total time: 8.76m
step 00457 (31.80%) | loss: 2.044257 | lrm: 1.00 | dt: 1178.14ms | tok/sec: 222,506 | mfu: 0.00 | epoch: 1 | total time: 8.78m
step 00458 (31.88%) | loss: 2.047936 | lrm: 1.00 | dt: 1182.64ms | tok/sec: 221,660 | mfu: 0.00 | epoch: 1 | total time: 8.80m
step 00459 (31.94%) | loss: 2.019550 | lrm: 1.00 | dt: 1180.92ms | tok/sec: 221,983 | mfu: 0.00 | epoch: 1 | total time: 8.82m
step 00460 (32.01%) | loss: 2.026900 | lrm: 1.00 | dt: 1181.77ms | tok/sec: 221,823 | mfu: 0.00 | epoch: 1 | total time: 8.84m
step 00461 (32.07%) | loss: 2.029430 | lrm: 1.00 | dt: 1188.47ms | tok/sec: 220,572 | mfu: 0.00 | epoch: 1 | total time: 8.86m
step 00462 (32.15%) | loss: 2.038920 | lrm: 1.00 | dt: 1177.60ms | tok/sec: 222,609 | mfu: 0.00 | epoch: 1 | total time: 8.88m
step 00463 (32.23%) | loss: 2.016876 | lrm: 1.00 | dt: 1182.73ms | tok/sec: 221,643 | mfu: 0.00 | epoch: 1 | total time: 8.90m
step 00464 (32.30%) | loss: 2.023004 | lrm: 1.00 | dt: 1183.54ms | tok/sec: 221,491 | mfu: 0.00 | epoch: 1 | total time: 8.92m
step 00465 (32.37%) | loss: 1.999891 | lrm: 1.00 | dt: 1183.58ms | tok/sec: 221,484 | mfu: 0.00 | epoch: 1 | total time: 8.94m
step 00466 (32.43%) | loss: 2.007522 | lrm: 1.00 | dt: 1181.90ms | tok/sec: 221,799 | mfu: 0.00 | epoch: 1 | total time: 8.96m
step 00467 (32.50%) | loss: 2.026465 | lrm: 1.00 | dt: 1181.68ms | tok/sec: 221,840 | mfu: 0.00 | epoch: 1 | total time: 8.98m
step 00468 (32.56%) | loss: 2.030758 | lrm: 1.00 | dt: 1188.28ms | tok/sec: 220,607 | mfu: 0.00 | epoch: 1 | total time: 9.00m
step 00469 (32.64%) | loss: 2.025952 | lrm: 1.00 | dt: 1181.82ms | tok/sec: 221,814 | mfu: 0.00 | epoch: 1 | total time: 9.02m
step 00470 (32.71%) | loss: 2.048008 | lrm: 1.00 | dt: 1188.30ms | tok/sec: 220,605 | mfu: 0.00 | epoch: 1 | total time: 9.04m
step 00471 (32.79%) | loss: 2.070328 | lrm: 1.00 | dt: 1180.22ms | tok/sec: 222,115 | mfu: 0.00 | epoch: 1 | total time: 9.06m
step 00472 (32.86%) | loss: 2.089559 | lrm: 1.00 | dt: 1182.11ms | tok/sec: 221,759 | mfu: 0.00 | epoch: 1 | total time: 9.08m
step 00473 (32.93%) | loss: 2.109879 | lrm: 1.00 | dt: 1182.51ms | tok/sec: 221,684 | mfu: 0.00 | epoch: 1 | total time: 9.10m
step 00474 (32.99%) | loss: 2.103276 | lrm: 1.00 | dt: 1181.04ms | tok/sec: 221,961 | mfu: 0.00 | epoch: 1 | total time: 9.12m
step 00475 (33.06%) | loss: 2.082516 | lrm: 1.00 | dt: 1188.55ms | tok/sec: 220,558 | mfu: 0.00 | epoch: 1 | total time: 9.14m
step 00476 (33.13%) | loss: 2.068974 | lrm: 1.00 | dt: 1175.77ms | tok/sec: 222,955 | mfu: 0.00 | epoch: 1 | total time: 9.16m
step 00477 (33.19%) | loss: 2.062562 | lrm: 1.00 | dt: 1187.78ms | tok/sec: 220,701 | mfu: 0.00 | epoch: 1 | total time: 9.18m
step 00478 (33.26%) | loss: 2.053117 | lrm: 1.00 | dt: 1182.33ms | tok/sec: 221,717 | mfu: 0.00 | epoch: 1 | total time: 9.20m
step 00479 (33.33%) | loss: 2.056814 | lrm: 1.00 | dt: 1185.37ms | tok/sec: 221,150 | mfu: 0.00 | epoch: 1 | total time: 9.22m
step 00480 (33.40%) | loss: 2.045233 | lrm: 1.00 | dt: 1179.88ms | tok/sec: 222,178 | mfu: 0.00 | epoch: 1 | total time: 9.23m
step 00481 (33.47%) | loss: 2.045551 | lrm: 1.00 | dt: 1182.05ms | tok/sec: 221,770 | mfu: 0.00 | epoch: 1 | total time: 9.25m
step 00482 (33.54%) | loss: 2.036729 | lrm: 1.00 | dt: 1182.92ms | tok/sec: 221,607 | mfu: 0.00 | epoch: 1 | total time: 9.27m
step 00483 (33.61%) | loss: 2.023138 | lrm: 1.00 | dt: 1181.68ms | tok/sec: 221,839 | mfu: 0.00 | epoch: 1 | total time: 9.29m
step 00484 (33.68%) | loss: 2.035951 | lrm: 1.00 | dt: 1185.79ms | tok/sec: 221,071 | mfu: 0.00 | epoch: 1 | total time: 9.31m
step 00485 (33.76%) | loss: 2.055784 | lrm: 1.00 | dt: 1179.58ms | tok/sec: 222,234 | mfu: 0.00 | epoch: 1 | total time: 9.33m
step 00486 (33.82%) | loss: 2.050132 | lrm: 1.00 | dt: 1182.62ms | tok/sec: 221,663 | mfu: 0.00 | epoch: 1 | total time: 9.35m
step 00487 (33.90%) | loss: 2.058059 | lrm: 1.00 | dt: 1180.61ms | tok/sec: 222,041 | mfu: 0.00 | epoch: 1 | total time: 9.37m
step 00488 (33.96%) | loss: 2.046431 | lrm: 1.00 | dt: 1182.17ms | tok/sec: 221,747 | mfu: 0.00 | epoch: 1 | total time: 9.39m
step 00489 (34.03%) | loss: 2.046948 | lrm: 1.00 | dt: 1185.14ms | tok/sec: 221,192 | mfu: 0.00 | epoch: 1 | total time: 9.41m
step 00490 (34.09%) | loss: 2.048059 | lrm: 1.00 | dt: 1179.46ms | tok/sec: 222,258 | mfu: 0.00 | epoch: 1 | total time: 9.43m
step 00491 (34.16%) | loss: 2.068656 | lrm: 1.00 | dt: 1181.50ms | tok/sec: 221,874 | mfu: 0.00 | epoch: 1 | total time: 9.45m
step 00492 (34.23%) | loss: 2.055290 | lrm: 1.00 | dt: 1179.17ms | tok/sec: 222,311 | mfu: 0.00 | epoch: 1 | total time: 9.47m
step 00493 (34.30%) | loss: 2.061843 | lrm: 1.00 | dt: 1182.35ms | tok/sec: 221,714 | mfu: 0.00 | epoch: 1 | total time: 9.49m
step 00494 (34.37%) | loss: 2.074645 | lrm: 1.00 | dt: 1184.05ms | tok/sec: 221,395 | mfu: 0.00 | epoch: 1 | total time: 9.51m
step 00495 (34.45%) | loss: 2.081491 | lrm: 1.00 | dt: 1178.24ms | tok/sec: 222,487 | mfu: 0.00 | epoch: 1 | total time: 9.53m
step 00496 (34.53%) | loss: 2.074938 | lrm: 1.00 | dt: 1181.16ms | tok/sec: 221,938 | mfu: 0.00 | epoch: 1 | total time: 9.55m
step 00497 (34.60%) | loss: 2.050597 | lrm: 1.00 | dt: 1178.48ms | tok/sec: 222,443 | mfu: 0.00 | epoch: 1 | total time: 9.57m
step 00498 (34.67%) | loss: 2.039799 | lrm: 1.00 | dt: 1181.48ms | tok/sec: 221,877 | mfu: 0.00 | epoch: 1 | total time: 9.59m
step 00499 (34.74%) | loss: 2.062797 | lrm: 1.00 | dt: 1179.14ms | tok/sec: 222,318 | mfu: 0.00 | epoch: 1 | total time: 9.61m
step 00500 (34.81%) | loss: 2.060027 | lrm: 1.00 | dt: 1183.34ms | tok/sec: 221,529 | mfu: 0.00 | epoch: 1 | total time: 9.63m
Step 00500 | Validation bpb: 0.6549
step 00501 (34.87%) | loss: 2.077216 | lrm: 1.00 | dt: 1186.34ms | tok/sec: 220,968 | mfu: 0.00 | epoch: 1 | total time: 9.65m
step 00502 (34.94%) | loss: 2.063014 | lrm: 1.00 | dt: 1182.18ms | tok/sec: 221,746 | mfu: 0.00 | epoch: 1 | total time: 9.67m
step 00503 (35.00%) | loss: 2.076851 | lrm: 1.00 | dt: 1183.92ms | tok/sec: 221,420 | mfu: 0.00 | epoch: 1 | total time: 9.69m
step 00504 (35.07%) | loss: 2.100743 | lrm: 1.00 | dt: 1186.73ms | tok/sec: 220,895 | mfu: 0.00 | epoch: 1 | total time: 9.71m
step 00505 (35.14%) | loss: 2.110836 | lrm: 1.00 | dt: 1177.81ms | tok/sec: 222,568 | mfu: 0.00 | epoch: 1 | total time: 9.73m
step 00506 (35.21%) | loss: 2.080907 | lrm: 1.00 | dt: 1184.54ms | tok/sec: 221,304 | mfu: 0.00 | epoch: 1 | total time: 9.75m
step 00507 (35.28%) | loss: 2.100737 | lrm: 1.00 | dt: 1185.10ms | tok/sec: 221,199 | mfu: 0.00 | epoch: 1 | total time: 9.77m
step 00508 (35.34%) | loss: 2.080277 | lrm: 1.00 | dt: 1177.24ms | tok/sec: 222,676 | mfu: 0.00 | epoch: 1 | total time: 9.79m
step 00509 (35.41%) | loss: 2.096706 | lrm: 1.00 | dt: 1189.47ms | tok/sec: 220,386 | mfu: 0.00 | epoch: 1 | total time: 9.81m
step 00510 (35.48%) | loss: 2.079883 | lrm: 1.00 | dt: 1177.34ms | tok/sec: 222,657 | mfu: 0.00 | epoch: 1 | total time: 9.83m
step 00511 (35.55%) | loss: 2.055119 | lrm: 1.00 | dt: 1185.14ms | tok/sec: 221,192 | mfu: 0.00 | epoch: 1 | total time: 9.85m
step 00512 (35.63%) | loss: 2.034843 | lrm: 1.00 | dt: 1181.44ms | tok/sec: 221,885 | mfu: 0.00 | epoch: 1 | total time: 9.87m
step 00513 (35.71%) | loss: 2.039108 | lrm: 1.00 | dt: 1180.54ms | tok/sec: 222,053 | mfu: 0.00 | epoch: 1 | total time: 9.88m
step 00514 (35.78%) | loss: 2.062676 | lrm: 1.00 | dt: 1180.19ms | tok/sec: 222,120 | mfu: 0.00 | epoch: 1 | total time: 9.90m
step 00515 (35.85%) | loss: 2.029894 | lrm: 1.00 | dt: 1181.41ms | tok/sec: 221,891 | mfu: 0.00 | epoch: 1 | total time: 9.92m
step 00516 (35.92%) | loss: 2.036709 | lrm: 1.00 | dt: 1180.59ms | tok/sec: 222,045 | mfu: 0.00 | epoch: 1 | total time: 9.94m
step 00517 (36.00%) | loss: 2.042321 | lrm: 1.00 | dt: 1179.76ms | tok/sec: 222,201 | mfu: 0.00 | epoch: 1 | total time: 9.96m
step 00518 (36.06%) | loss: 2.053660 | lrm: 1.00 | dt: 1181.11ms | tok/sec: 221,947 | mfu: 0.00 | epoch: 1 | total time: 9.98m
step 00519 (36.13%) | loss: 2.064032 | lrm: 1.00 | dt: 1178.87ms | tok/sec: 222,368 | mfu: 0.00 | epoch: 1 | total time: 10.00m
step 00520 (36.20%) | loss: 2.043112 | lrm: 1.00 | dt: 1182.49ms | tok/sec: 221,687 | mfu: 0.00 | epoch: 1 | total time: 10.02m
step 00521 (36.28%) | loss: 2.062899 | lrm: 1.00 | dt: 1180.10ms | tok/sec: 222,137 | mfu: 0.00 | epoch: 1 | total time: 10.04m
step 00522 (36.36%) | loss: 2.046203 | lrm: 1.00 | dt: 1177.78ms | tok/sec: 222,575 | mfu: 0.00 | epoch: 1 | total time: 10.06m
step 00523 (36.43%) | loss: 2.042130 | lrm: 1.00 | dt: 1183.79ms | tok/sec: 221,445 | mfu: 0.00 | epoch: 1 | total time: 10.08m
step 00524 (36.49%) | loss: 2.044336 | lrm: 1.00 | dt: 1180.23ms | tok/sec: 222,112 | mfu: 0.00 | epoch: 1 | total time: 10.10m
step 00525 (36.56%) | loss: 2.064263 | lrm: 1.00 | dt: 1184.43ms | tok/sec: 221,325 | mfu: 0.00 | epoch: 1 | total time: 10.12m
step 00526 (36.63%) | loss: 2.088085 | lrm: 1.00 | dt: 1182.35ms | tok/sec: 221,714 | mfu: 0.00 | epoch: 1 | total time: 10.14m
step 00527 (36.70%) | loss: 2.085625 | lrm: 1.00 | dt: 1181.66ms | tok/sec: 221,843 | mfu: 0.00 | epoch: 1 | total time: 10.16m
step 00528 (36.77%) | loss: 2.098238 | lrm: 1.00 | dt: 1180.43ms | tok/sec: 222,075 | mfu: 0.00 | epoch: 1 | total time: 10.18m
step 00529 (36.84%) | loss: 2.087913 | lrm: 1.00 | dt: 1182.48ms | tok/sec: 221,689 | mfu: 0.00 | epoch: 1 | total time: 10.20m
step 00530 (36.91%) | loss: 2.083706 | lrm: 1.00 | dt: 1178.38ms | tok/sec: 222,460 | mfu: 0.00 | epoch: 1 | total time: 10.22m
step 00531 (36.99%) | loss: 2.088784 | lrm: 1.00 | dt: 1187.08ms | tok/sec: 220,831 | mfu: 0.00 | epoch: 1 | total time: 10.24m
step 00532 (37.06%) | loss: 2.066373 | lrm: 1.00 | dt: 1181.49ms | tok/sec: 221,875 | mfu: 0.00 | epoch: 1 | total time: 10.26m
step 00533 (37.13%) | loss: 2.098109 | lrm: 1.00 | dt: 1185.43ms | tok/sec: 221,137 | mfu: 0.00 | epoch: 1 | total time: 10.28m
step 00534 (37.20%) | loss: 2.106227 | lrm: 1.00 | dt: 1182.30ms | tok/sec: 221,724 | mfu: 0.00 | epoch: 1 | total time: 10.30m
step 00535 (37.27%) | loss: 2.095442 | lrm: 1.00 | dt: 1183.24ms | tok/sec: 221,548 | mfu: 0.00 | epoch: 1 | total time: 10.32m
step 00536 (37.35%) | loss: 2.099482 | lrm: 1.00 | dt: 1181.63ms | tok/sec: 221,849 | mfu: 0.00 | epoch: 1 | total time: 10.34m
step 00537 (37.43%) | loss: 2.077520 | lrm: 1.00 | dt: 1181.39ms | tok/sec: 221,893 | mfu: 0.00 | epoch: 1 | total time: 10.36m
step 00538 (37.49%) | loss: 2.098669 | lrm: 1.00 | dt: 1182.49ms | tok/sec: 221,687 | mfu: 0.00 | epoch: 1 | total time: 10.38m
step 00539 (37.56%) | loss: 2.079139 | lrm: 1.00 | dt: 1178.49ms | tok/sec: 222,441 | mfu: 0.00 | epoch: 1 | total time: 10.40m
step 00540 (37.63%) | loss: 2.081165 | lrm: 1.00 | dt: 1182.00ms | tok/sec: 221,779 | mfu: 0.00 | epoch: 1 | total time: 10.42m
step 00541 (37.71%) | loss: 2.087486 | lrm: 1.00 | dt: 1181.96ms | tok/sec: 221,787 | mfu: 0.00 | epoch: 1 | total time: 10.44m
step 00542 (37.78%) | loss: 2.096819 | lrm: 1.00 | dt: 1189.45ms | tok/sec: 220,391 | mfu: 0.00 | epoch: 1 | total time: 10.46m
step 00543 (37.85%) | loss: 2.100227 | lrm: 1.00 | dt: 1174.92ms | tok/sec: 223,117 | mfu: 0.00 | epoch: 1 | total time: 10.48m
step 00544 (37.92%) | loss: 2.104162 | lrm: 1.00 | dt: 1182.37ms | tok/sec: 221,710 | mfu: 0.00 | epoch: 1 | total time: 10.50m
step 00545 (37.99%) | loss: 2.119248 | lrm: 1.00 | dt: 1180.39ms | tok/sec: 222,081 | mfu: 0.00 | epoch: 1 | total time: 10.52m
step 00546 (38.07%) | loss: 2.156591 | lrm: 1.00 | dt: 1180.97ms | tok/sec: 221,973 | mfu: 0.00 | epoch: 1 | total time: 10.53m
step 00547 (38.14%) | loss: 2.135516 | lrm: 1.00 | dt: 1187.85ms | tok/sec: 220,687 | mfu: 0.00 | epoch: 1 | total time: 10.55m
step 00548 (38.21%) | loss: 2.129299 | lrm: 1.00 | dt: 1181.37ms | tok/sec: 221,898 | mfu: 0.00 | epoch: 1 | total time: 10.57m
step 00549 (38.28%) | loss: 2.143952 | lrm: 1.00 | dt: 1180.33ms | tok/sec: 222,093 | mfu: 0.00 | epoch: 1 | total time: 10.59m
step 00550 (38.35%) | loss: 2.133084 | lrm: 1.00 | dt: 1179.87ms | tok/sec: 222,179 | mfu: 0.00 | epoch: 1 | total time: 10.61m
Step 00550 | Validation bpb: 0.6488
step 00551 (38.41%) | loss: 2.126605 | lrm: 1.00 | dt: 1191.29ms | tok/sec: 220,049 | mfu: 0.00 | epoch: 1 | total time: 10.63m
step 00552 (38.48%) | loss: 2.095212 | lrm: 1.00 | dt: 1178.68ms | tok/sec: 222,404 | mfu: 0.00 | epoch: 1 | total time: 10.65m
step 00553 (38.54%) | loss: 2.106765 | lrm: 1.00 | dt: 1189.68ms | tok/sec: 220,349 | mfu: 0.00 | epoch: 1 | total time: 10.67m
step 00554 (38.61%) | loss: 2.099028 | lrm: 1.00 | dt: 1178.38ms | tok/sec: 222,460 | mfu: 0.00 | epoch: 1 | total time: 10.69m
step 00555 (38.70%) | loss: 2.120705 | lrm: 1.00 | dt: 1186.96ms | tok/sec: 220,852 | mfu: 0.00 | epoch: 1 | total time: 10.71m
step 00556 (38.77%) | loss: 2.145967 | lrm: 1.00 | dt: 1179.28ms | tok/sec: 222,291 | mfu: 0.00 | epoch: 1 | total time: 10.73m
step 00557 (38.84%) | loss: 2.128092 | lrm: 1.00 | dt: 1184.78ms | tok/sec: 221,259 | mfu: 0.00 | epoch: 1 | total time: 10.75m
step 00558 (38.90%) | loss: 2.110005 | lrm: 1.00 | dt: 1180.51ms | tok/sec: 222,060 | mfu: 0.00 | epoch: 1 | total time: 10.77m
step 00559 (38.98%) | loss: 2.111178 | lrm: 1.00 | dt: 1180.39ms | tok/sec: 222,082 | mfu: 0.00 | epoch: 1 | total time: 10.79m
step 00560 (39.04%) | loss: 2.057365 | lrm: 1.00 | dt: 1184.72ms | tok/sec: 221,271 | mfu: 0.00 | epoch: 1 | total time: 10.81m
step 00561 (39.11%) | loss: 2.041286 | lrm: 1.00 | dt: 1180.94ms | tok/sec: 221,979 | mfu: 0.00 | epoch: 1 | total time: 10.83m
step 00562 (39.18%) | loss: 2.051689 | lrm: 1.00 | dt: 1185.57ms | tok/sec: 221,111 | mfu: 0.00 | epoch: 1 | total time: 10.85m
step 00563 (39.25%) | loss: 2.060056 | lrm: 1.00 | dt: 1184.09ms | tok/sec: 221,389 | mfu: 0.00 | epoch: 1 | total time: 10.87m
step 00564 (39.33%) | loss: 2.038624 | lrm: 1.00 | dt: 1179.84ms | tok/sec: 222,186 | mfu: 0.00 | epoch: 1 | total time: 10.89m
step 00565 (39.39%) | loss: 2.061821 | lrm: 1.00 | dt: 1183.23ms | tok/sec: 221,548 | mfu: 0.00 | epoch: 1 | total time: 10.91m
step 00566 (39.47%) | loss: 2.051955 | lrm: 1.00 | dt: 1180.12ms | tok/sec: 222,134 | mfu: 0.00 | epoch: 1 | total time: 10.93m
step 00567 (39.55%) | loss: 2.033842 | lrm: 1.00 | dt: 1182.16ms | tok/sec: 221,750 | mfu: 0.00 | epoch: 1 | total time: 10.95m
step 00568 (39.61%) | loss: 2.049765 | lrm: 1.00 | dt: 1176.29ms | tok/sec: 222,855 | mfu: 0.00 | epoch: 1 | total time: 10.97m
step 00569 (39.68%) | loss: 2.050858 | lrm: 1.00 | dt: 1184.96ms | tok/sec: 221,225 | mfu: 0.00 | epoch: 1 | total time: 10.99m
step 00570 (39.75%) | loss: 2.037513 | lrm: 1.00 | dt: 1186.31ms | tok/sec: 220,975 | mfu: 0.00 | epoch: 1 | total time: 11.01m
step 00571 (39.81%) | loss: 2.049986 | lrm: 1.00 | dt: 1182.70ms | tok/sec: 221,648 | mfu: 0.00 | epoch: 1 | total time: 11.03m
step 00572 (39.88%) | loss: 2.062049 | lrm: 1.00 | dt: 1182.84ms | tok/sec: 221,622 | mfu: 0.00 | epoch: 1 | total time: 11.05m
step 00573 (39.94%) | loss: 2.039219 | lrm: 1.00 | dt: 1178.57ms | tok/sec: 222,426 | mfu: 0.00 | epoch: 1 | total time: 11.07m
step 00574 (40.00%) | loss: 2.024031 | lrm: 1.00 | dt: 1183.29ms | tok/sec: 221,538 | mfu: 0.00 | epoch: 1 | total time: 11.09m
step 00575 (40.09%) | loss: 1.994866 | lrm: 1.00 | dt: 1178.83ms | tok/sec: 222,375 | mfu: 0.00 | epoch: 1 | total time: 11.11m
step 00576 (40.16%) | loss: 2.009363 | lrm: 1.00 | dt: 1184.47ms | tok/sec: 221,317 | mfu: 0.00 | epoch: 1 | total time: 11.13m
step 00577 (40.23%) | loss: 2.012516 | lrm: 1.00 | dt: 1182.47ms | tok/sec: 221,692 | mfu: 0.00 | epoch: 1 | total time: 11.15m
step 00578 (40.30%) | loss: 2.035027 | lrm: 1.00 | dt: 1181.95ms | tok/sec: 221,788 | mfu: 0.00 | epoch: 1 | total time: 11.17m
step 00579 (40.36%) | loss: 2.033371 | lrm: 1.00 | dt: 1181.57ms | tok/sec: 221,861 | mfu: 0.00 | epoch: 1 | total time: 11.19m
step 00580 (40.44%) | loss: 2.035293 | lrm: 1.00 | dt: 1180.21ms | tok/sec: 222,115 | mfu: 0.00 | epoch: 1 | total time: 11.20m
step 00581 (40.51%) | loss: 2.020693 | lrm: 1.00 | dt: 1182.23ms | tok/sec: 221,736 | mfu: 0.00 | epoch: 1 | total time: 11.22m
step 00582 (40.58%) | loss: 2.027339 | lrm: 1.00 | dt: 1180.94ms | tok/sec: 221,978 | mfu: 0.00 | epoch: 1 | total time: 11.24m
step 00583 (40.64%) | loss: 2.029267 | lrm: 1.00 | dt: 1180.54ms | tok/sec: 222,054 | mfu: 0.00 | epoch: 1 | total time: 11.26m
step 00584 (40.71%) | loss: 2.051788 | lrm: 1.00 | dt: 1179.95ms | tok/sec: 222,166 | mfu: 0.00 | epoch: 1 | total time: 11.28m
step 00585 (40.79%) | loss: 2.077537 | lrm: 1.00 | dt: 1181.21ms | tok/sec: 221,928 | mfu: 0.00 | epoch: 1 | total time: 11.30m
step 00586 (40.86%) | loss: 2.082269 | lrm: 1.00 | dt: 1179.03ms | tok/sec: 222,338 | mfu: 0.00 | epoch: 1 | total time: 11.32m
step 00587 (40.94%) | loss: 2.059394 | lrm: 1.00 | dt: 1183.14ms | tok/sec: 221,566 | mfu: 0.00 | epoch: 1 | total time: 11.34m
step 00588 (41.01%) | loss: 2.038112 | lrm: 1.00 | dt: 1179.96ms | tok/sec: 222,162 | mfu: 0.00 | epoch: 1 | total time: 11.36m
step 00589 (41.08%) | loss: 2.058353 | lrm: 1.00 | dt: 1184.57ms | tok/sec: 221,299 | mfu: 0.00 | epoch: 1 | total time: 11.38m
step 00590 (41.15%) | loss: 2.068251 | lrm: 1.00 | dt: 1186.04ms | tok/sec: 221,024 | mfu: 0.00 | epoch: 1 | total time: 11.40m
step 00591 (41.22%) | loss: 2.098508 | lrm: 1.00 | dt: 1181.78ms | tok/sec: 221,820 | mfu: 0.00 | epoch: 1 | total time: 11.42m
step 00592 (41.28%) | loss: 2.082227 | lrm: 1.00 | dt: 1187.35ms | tok/sec: 220,781 | mfu: 0.00 | epoch: 1 | total time: 11.44m
step 00593 (41.35%) | loss: 2.044323 | lrm: 1.00 | dt: 1184.64ms | tok/sec: 221,285 | mfu: 0.00 | epoch: 1 | total time: 11.46m
step 00594 (41.41%) | loss: 2.021952 | lrm: 1.00 | dt: 1182.09ms | tok/sec: 221,763 | mfu: 0.00 | epoch: 1 | total time: 11.48m
step 00595 (41.48%) | loss: 2.016435 | lrm: 1.00 | dt: 1183.31ms | tok/sec: 221,534 | mfu: 0.00 | epoch: 1 | total time: 11.50m
step 00596 (41.55%) | loss: 1.967760 | lrm: 1.00 | dt: 1183.13ms | tok/sec: 221,568 | mfu: 0.00 | epoch: 1 | total time: 11.52m
step 00597 (41.62%) | loss: 2.018097 | lrm: 1.00 | dt: 1180.87ms | tok/sec: 221,992 | mfu: 0.00 | epoch: 1 | total time: 11.54m
step 00598 (41.68%) | loss: 2.026420 | lrm: 1.00 | dt: 1178.70ms | tok/sec: 222,401 | mfu: 0.00 | epoch: 1 | total time: 11.56m
step 00599 (41.75%) | loss: 2.005722 | lrm: 1.00 | dt: 1186.62ms | tok/sec: 220,916 | mfu: 0.00 | epoch: 1 | total time: 11.58m
step 00600 (41.82%) | loss: 2.016108 | lrm: 1.00 | dt: 1180.54ms | tok/sec: 222,055 | mfu: 0.00 | epoch: 1 | total time: 11.60m
Step 00600 | Validation bpb: 0.6445
step 00601 (41.89%) | loss: 2.000529 | lrm: 1.00 | dt: 1189.03ms | tok/sec: 220,468 | mfu: 0.00 | epoch: 1 | total time: 11.62m
step 00602 (41.97%) | loss: 2.035079 | lrm: 1.00 | dt: 1179.81ms | tok/sec: 222,191 | mfu: 0.00 | epoch: 1 | total time: 11.64m
step 00603 (42.03%) | loss: 2.059385 | lrm: 1.00 | dt: 1179.59ms | tok/sec: 222,232 | mfu: 0.00 | epoch: 1 | total time: 11.66m
step 00604 (42.10%) | loss: 2.044796 | lrm: 1.00 | dt: 1187.28ms | tok/sec: 220,794 | mfu: 0.00 | epoch: 1 | total time: 11.68m
step 00605 (42.17%) | loss: 2.030106 | lrm: 1.00 | dt: 1181.12ms | tok/sec: 221,944 | mfu: 0.00 | epoch: 1 | total time: 11.70m
step 00606 (42.23%) | loss: 2.004016 | lrm: 1.00 | dt: 1181.10ms | tok/sec: 221,949 | mfu: 0.00 | epoch: 1 | total time: 11.72m
step 00607 (42.30%) | loss: 2.005189 | lrm: 1.00 | dt: 1180.41ms | tok/sec: 222,078 | mfu: 0.00 | epoch: 1 | total time: 11.74m
step 00608 (42.37%) | loss: 1.990662 | lrm: 1.00 | dt: 1178.88ms | tok/sec: 222,367 | mfu: 0.00 | epoch: 1 | total time: 11.76m
step 00609 (42.44%) | loss: 1.987770 | lrm: 1.00 | dt: 1179.33ms | tok/sec: 222,282 | mfu: 0.00 | epoch: 1 | total time: 11.78m
step 00610 (42.51%) | loss: 1.981027 | lrm: 1.00 | dt: 1185.90ms | tok/sec: 221,051 | mfu: 0.00 | epoch: 1 | total time: 11.80m
step 00611 (42.58%) | loss: 1.987659 | lrm: 1.00 | dt: 1183.03ms | tok/sec: 221,586 | mfu: 0.00 | epoch: 1 | total time: 11.82m
step 00612 (42.64%) | loss: 1.986209 | lrm: 1.00 | dt: 1182.77ms | tok/sec: 221,635 | mfu: 0.00 | epoch: 1 | total time: 11.84m
step 00613 (42.72%) | loss: 2.016027 | lrm: 1.00 | dt: 1181.29ms | tok/sec: 221,912 | mfu: 0.00 | epoch: 1 | total time: 11.86m
step 00614 (42.79%) | loss: 2.027363 | lrm: 1.00 | dt: 1179.93ms | tok/sec: 222,169 | mfu: 0.00 | epoch: 1 | total time: 11.87m
step 00615 (42.86%) | loss: 2.035128 | lrm: 1.00 | dt: 1181.16ms | tok/sec: 221,936 | mfu: 0.00 | epoch: 1 | total time: 11.89m
step 00616 (42.93%) | loss: 2.039504 | lrm: 1.00 | dt: 1184.72ms | tok/sec: 221,271 | mfu: 0.00 | epoch: 1 | total time: 11.91m
step 00617 (43.00%) | loss: 2.035733 | lrm: 1.00 | dt: 1181.92ms | tok/sec: 221,795 | mfu: 0.00 | epoch: 1 | total time: 11.93m
step 00618 (43.07%) | loss: 2.044339 | lrm: 1.00 | dt: 1182.29ms | tok/sec: 221,725 | mfu: 0.00 | epoch: 1 | total time: 11.95m
step 00619 (43.14%) | loss: 2.058577 | lrm: 1.00 | dt: 1183.47ms | tok/sec: 221,504 | mfu: 0.00 | epoch: 1 | total time: 11.97m
step 00620 (43.22%) | loss: 2.038932 | lrm: 1.00 | dt: 1183.76ms | tok/sec: 221,450 | mfu: 0.00 | epoch: 1 | total time: 11.99m
step 00621 (43.30%) | loss: 2.024862 | lrm: 1.00 | dt: 1180.22ms | tok/sec: 222,114 | mfu: 0.00 | epoch: 1 | total time: 12.01m
step 00622 (43.37%) | loss: 2.025830 | lrm: 1.00 | dt: 1184.97ms | tok/sec: 221,223 | mfu: 0.00 | epoch: 1 | total time: 12.03m
step 00623 (43.44%) | loss: 2.049398 | lrm: 1.00 | dt: 1184.47ms | tok/sec: 221,317 | mfu: 0.00 | epoch: 1 | total time: 12.05m
step 00624 (43.51%) | loss: 2.007871 | lrm: 1.00 | dt: 1184.08ms | tok/sec: 221,390 | mfu: 0.00 | epoch: 1 | total time: 12.07m
step 00625 (43.57%) | loss: 1.978695 | lrm: 1.00 | dt: 1178.89ms | tok/sec: 222,365 | mfu: 0.00 | epoch: 1 | total time: 12.09m
step 00626 (43.65%) | loss: 1.996105 | lrm: 1.00 | dt: 1182.88ms | tok/sec: 221,615 | mfu: 0.00 | epoch: 1 | total time: 12.11m
step 00627 (43.72%) | loss: 2.025656 | lrm: 1.00 | dt: 1184.66ms | tok/sec: 221,282 | mfu: 0.00 | epoch: 1 | total time: 12.13m
step 00628 (43.79%) | loss: 2.036314 | lrm: 1.00 | dt: 1182.77ms | tok/sec: 221,635 | mfu: 0.00 | epoch: 1 | total time: 12.15m
step 00629 (43.86%) | loss: 2.061227 | lrm: 1.00 | dt: 1187.06ms | tok/sec: 220,834 | mfu: 0.00 | epoch: 1 | total time: 12.17m
step 00630 (43.92%) | loss: 2.049570 | lrm: 1.00 | dt: 1178.29ms | tok/sec: 222,477 | mfu: 0.00 | epoch: 1 | total time: 12.19m
step 00631 (44.00%) | loss: 2.042506 | lrm: 1.00 | dt: 1187.35ms | tok/sec: 220,780 | mfu: 0.00 | epoch: 1 | total time: 12.21m
step 00632 (44.07%) | loss: 2.040414 | lrm: 1.00 | dt: 1180.78ms | tok/sec: 222,009 | mfu: 0.00 | epoch: 1 | total time: 12.23m
step 00633 (44.13%) | loss: 2.034870 | lrm: 1.00 | dt: 1186.81ms | tok/sec: 220,881 | mfu: 0.00 | epoch: 1 | total time: 12.25m
step 00634 (44.20%) | loss: 2.048503 | lrm: 1.00 | dt: 1178.73ms | tok/sec: 222,395 | mfu: 0.00 | epoch: 1 | total time: 12.27m
step 00635 (44.27%) | loss: 2.083357 | lrm: 1.00 | dt: 1181.81ms | tok/sec: 221,815 | mfu: 0.00 | epoch: 1 | total time: 12.29m
step 00636 (44.34%) | loss: 2.069076 | lrm: 1.00 | dt: 1186.62ms | tok/sec: 220,916 | mfu: 0.00 | epoch: 1 | total time: 12.31m
step 00637 (44.41%) | loss: 2.083302 | lrm: 1.00 | dt: 1183.41ms | tok/sec: 221,515 | mfu: 0.00 | epoch: 1 | total time: 12.33m
step 00638 (44.48%) | loss: 2.067398 | lrm: 1.00 | dt: 1182.92ms | tok/sec: 221,607 | mfu: 0.00 | epoch: 1 | total time: 12.35m
step 00639 (44.55%) | loss: 2.064228 | lrm: 1.00 | dt: 1183.13ms | tok/sec: 221,567 | mfu: 0.00 | epoch: 1 | total time: 12.37m
step 00640 (44.62%) | loss: 2.067851 | lrm: 1.00 | dt: 1181.40ms | tok/sec: 221,893 | mfu: 0.00 | epoch: 1 | total time: 12.39m
step 00641 (44.69%) | loss: 2.078614 | lrm: 1.00 | dt: 1183.98ms | tok/sec: 221,408 | mfu: 0.00 | epoch: 1 | total time: 12.41m
step 00642 (44.76%) | loss: 2.100168 | lrm: 1.00 | dt: 1185.75ms | tok/sec: 221,079 | mfu: 0.00 | epoch: 1 | total time: 12.43m
step 00643 (44.83%) | loss: 2.067340 | lrm: 1.00 | dt: 1182.36ms | tok/sec: 221,711 | mfu: 0.00 | epoch: 1 | total time: 12.45m
step 00644 (44.89%) | loss: 2.075904 | lrm: 1.00 | dt: 1182.87ms | tok/sec: 221,616 | mfu: 0.00 | epoch: 1 | total time: 12.47m
step 00645 (44.96%) | loss: 2.067763 | lrm: 1.00 | dt: 1180.50ms | tok/sec: 222,061 | mfu: 0.00 | epoch: 1 | total time: 12.49m
step 00646 (45.04%) | loss: 2.054651 | lrm: 1.00 | dt: 1180.89ms | tok/sec: 221,988 | mfu: 0.00 | epoch: 1 | total time: 12.51m
step 00647 (45.12%) | loss: 2.039763 | lrm: 1.00 | dt: 1186.33ms | tok/sec: 220,970 | mfu: 0.00 | epoch: 1 | total time: 12.53m
step 00648 (45.18%) | loss: 2.019095 | lrm: 1.00 | dt: 1182.87ms | tok/sec: 221,616 | mfu: 0.00 | epoch: 1 | total time: 12.55m
step 00649 (45.25%) | loss: 2.020585 | lrm: 1.00 | dt: 1181.26ms | tok/sec: 221,918 | mfu: 0.00 | epoch: 1 | total time: 12.56m
step 00650 (45.32%) | loss: 2.014178 | lrm: 1.00 | dt: 1187.25ms | tok/sec: 220,798 | mfu: 0.00 | epoch: 1 | total time: 12.58m
Step 00650 | Validation bpb: 0.6400
step 00651 (45.39%) | loss: 2.023546 | lrm: 1.00 | dt: 1188.16ms | tok/sec: 220,630 | mfu: 0.00 | epoch: 1 | total time: 12.60m
step 00652 (45.46%) | loss: 2.034671 | lrm: 1.00 | dt: 1182.29ms | tok/sec: 221,726 | mfu: 0.00 | epoch: 1 | total time: 12.62m
step 00653 (45.53%) | loss: 2.046309 | lrm: 1.00 | dt: 1186.78ms | tok/sec: 220,886 | mfu: 0.00 | epoch: 1 | total time: 12.64m
step 00654 (45.60%) | loss: 2.045580 | lrm: 1.00 | dt: 1179.65ms | tok/sec: 222,221 | mfu: 0.00 | epoch: 1 | total time: 12.66m
step 00655 (45.67%) | loss: 2.062695 | lrm: 1.00 | dt: 1183.33ms | tok/sec: 221,531 | mfu: 0.00 | epoch: 1 | total time: 12.68m
step 00656 (45.73%) | loss: 2.062492 | lrm: 1.00 | dt: 1180.09ms | tok/sec: 222,139 | mfu: 0.00 | epoch: 1 | total time: 12.70m
step 00657 (45.81%) | loss: 2.039618 | lrm: 1.00 | dt: 1185.12ms | tok/sec: 221,196 | mfu: 0.00 | epoch: 1 | total time: 12.72m
step 00658 (45.88%) | loss: 2.047931 | lrm: 1.00 | dt: 1183.12ms | tok/sec: 221,569 | mfu: 0.00 | epoch: 1 | total time: 12.74m
step 00659 (45.95%) | loss: 2.028102 | lrm: 1.00 | dt: 1180.97ms | tok/sec: 221,973 | mfu: 0.00 | epoch: 1 | total time: 12.76m
step 00660 (46.02%) | loss: 2.008010 | lrm: 1.00 | dt: 1185.30ms | tok/sec: 221,162 | mfu: 0.00 | epoch: 1 | total time: 12.78m
step 00661 (46.09%) | loss: 1.998133 | lrm: 1.00 | dt: 1179.43ms | tok/sec: 222,262 | mfu: 0.00 | epoch: 1 | total time: 12.80m
step 00662 (46.16%) | loss: 2.016417 | lrm: 1.00 | dt: 1190.62ms | tok/sec: 220,175 | mfu: 0.00 | epoch: 1 | total time: 12.82m
step 00663 (46.24%) | loss: 2.037386 | lrm: 1.00 | dt: 1182.63ms | tok/sec: 221,661 | mfu: 0.00 | epoch: 1 | total time: 12.84m
step 00664 (46.31%) | loss: 1.991242 | lrm: 1.00 | dt: 1183.91ms | tok/sec: 221,422 | mfu: 0.00 | epoch: 1 | total time: 12.86m
step 00665 (46.38%) | loss: 1.992749 | lrm: 1.00 | dt: 1184.56ms | tok/sec: 221,300 | mfu: 0.00 | epoch: 1 | total time: 12.88m
step 00666 (46.46%) | loss: 2.017154 | lrm: 1.00 | dt: 1179.72ms | tok/sec: 222,207 | mfu: 0.00 | epoch: 1 | total time: 12.90m
step 00667 (46.53%) | loss: 2.005159 | lrm: 1.00 | dt: 1180.95ms | tok/sec: 221,977 | mfu: 0.00 | epoch: 1 | total time: 12.92m
step 00668 (46.61%) | loss: 2.054484 | lrm: 1.00 | dt: 1179.91ms | tok/sec: 222,172 | mfu: 0.00 | epoch: 1 | total time: 12.94m
step 00669 (46.67%) | loss: 2.045992 | lrm: 1.00 | dt: 1184.43ms | tok/sec: 221,325 | mfu: 0.00 | epoch: 1 | total time: 12.96m
step 00670 (46.74%) | loss: 2.036091 | lrm: 1.00 | dt: 1179.98ms | tok/sec: 222,159 | mfu: 0.00 | epoch: 1 | total time: 12.98m
step 00671 (46.80%) | loss: 2.036274 | lrm: 1.00 | dt: 1182.75ms | tok/sec: 221,639 | mfu: 0.00 | epoch: 1 | total time: 13.00m
step 00672 (46.87%) | loss: 2.032395 | lrm: 1.00 | dt: 1182.55ms | tok/sec: 221,677 | mfu: 0.00 | epoch: 1 | total time: 13.02m
step 00673 (46.93%) | loss: 2.030046 | lrm: 1.00 | dt: 1181.14ms | tok/sec: 221,940 | mfu: 0.00 | epoch: 1 | total time: 13.04m
step 00674 (46.99%) | loss: 2.028212 | lrm: 1.00 | dt: 1183.71ms | tok/sec: 221,460 | mfu: 0.00 | epoch: 1 | total time: 13.06m
step 00675 (47.05%) | loss: 2.070279 | lrm: 1.00 | dt: 1184.91ms | tok/sec: 221,235 | mfu: 0.00 | epoch: 1 | total time: 13.08m
step 00676 (47.12%) | loss: 2.083417 | lrm: 1.00 | dt: 1184.78ms | tok/sec: 221,259 | mfu: 0.00 | epoch: 1 | total time: 13.10m
step 00677 (47.18%) | loss: 2.077211 | lrm: 1.00 | dt: 1180.20ms | tok/sec: 222,118 | mfu: 0.00 | epoch: 1 | total time: 13.12m
step 00678 (47.25%) | loss: 2.090461 | lrm: 1.00 | dt: 1178.32ms | tok/sec: 222,472 | mfu: 0.00 | epoch: 1 | total time: 13.14m
step 00679 (47.32%) | loss: 2.083152 | lrm: 1.00 | dt: 1183.59ms | tok/sec: 221,482 | mfu: 0.00 | epoch: 1 | total time: 13.16m
step 00680 (47.39%) | loss: 2.066594 | lrm: 1.00 | dt: 1182.69ms | tok/sec: 221,650 | mfu: 0.00 | epoch: 1 | total time: 13.18m
step 00681 (47.47%) | loss: 2.034331 | lrm: 1.00 | dt: 1181.83ms | tok/sec: 221,812 | mfu: 0.00 | epoch: 1 | total time: 13.20m
step 00682 (47.54%) | loss: 2.012129 | lrm: 1.00 | dt: 1180.59ms | tok/sec: 222,045 | mfu: 0.00 | epoch: 1 | total time: 13.22m
step 00683 (47.61%) | loss: 2.053014 | lrm: 1.00 | dt: 1185.21ms | tok/sec: 221,179 | mfu: 0.00 | epoch: 1 | total time: 13.24m
step 00684 (47.67%) | loss: 2.051409 | lrm: 1.00 | dt: 1180.06ms | tok/sec: 222,144 | mfu: 0.00 | epoch: 1 | total time: 13.25m
step 00685 (47.74%) | loss: 2.025482 | lrm: 1.00 | dt: 1184.25ms | tok/sec: 221,358 | mfu: 0.00 | epoch: 1 | total time: 13.27m
step 00686 (47.81%) | loss: 2.034917 | lrm: 1.00 | dt: 1179.47ms | tok/sec: 222,255 | mfu: 0.00 | epoch: 1 | total time: 13.29m
step 00687 (47.88%) | loss: 2.047422 | lrm: 1.00 | dt: 1185.73ms | tok/sec: 221,083 | mfu: 0.00 | epoch: 1 | total time: 13.31m
step 00688 (47.95%) | loss: 2.049910 | lrm: 1.00 | dt: 1179.23ms | tok/sec: 222,300 | mfu: 0.00 | epoch: 1 | total time: 13.33m
step 00689 (48.01%) | loss: 2.049375 | lrm: 1.00 | dt: 1180.04ms | tok/sec: 222,147 | mfu: 0.00 | epoch: 1 | total time: 13.35m
step 00690 (48.08%) | loss: 2.055084 | lrm: 1.00 | dt: 1183.98ms | tok/sec: 221,409 | mfu: 0.00 | epoch: 1 | total time: 13.37m
step 00691 (48.15%) | loss: 2.033679 | lrm: 1.00 | dt: 1182.37ms | tok/sec: 221,710 | mfu: 0.00 | epoch: 1 | total time: 13.39m
step 00692 (48.22%) | loss: 2.024454 | lrm: 1.00 | dt: 1179.25ms | tok/sec: 222,297 | mfu: 0.00 | epoch: 1 | total time: 13.41m
step 00693 (48.29%) | loss: 2.022549 | lrm: 1.00 | dt: 1178.70ms | tok/sec: 222,400 | mfu: 0.00 | epoch: 1 | total time: 13.43m
step 00694 (48.36%) | loss: 1.997307 | lrm: 1.00 | dt: 1185.45ms | tok/sec: 221,133 | mfu: 0.00 | epoch: 1 | total time: 13.45m
step 00695 (48.43%) | loss: 2.005552 | lrm: 1.00 | dt: 1180.23ms | tok/sec: 222,113 | mfu: 0.00 | epoch: 1 | total time: 13.47m
step 00696 (48.51%) | loss: 2.000361 | lrm: 1.00 | dt: 1180.46ms | tok/sec: 222,069 | mfu: 0.00 | epoch: 1 | total time: 13.49m
step 00697 (48.58%) | loss: 2.005609 | lrm: 1.00 | dt: 1182.64ms | tok/sec: 221,660 | mfu: 0.00 | epoch: 1 | total time: 13.51m
step 00698 (48.65%) | loss: 2.005932 | lrm: 1.00 | dt: 1183.34ms | tok/sec: 221,529 | mfu: 0.00 | epoch: 1 | total time: 13.53m
step 00699 (48.71%) | loss: 2.005384 | lrm: 1.00 | dt: 1182.25ms | tok/sec: 221,733 | mfu: 0.00 | epoch: 1 | total time: 13.55m
step 00700 (48.78%) | loss: 1.992069 | lrm: 1.00 | dt: 1179.15ms | tok/sec: 222,316 | mfu: 0.00 | epoch: 1 | total time: 13.57m
Step 00700 | Validation bpb: 0.6366
step 00701 (48.85%) | loss: 2.017750 | lrm: 1.00 | dt: 1188.79ms | tok/sec: 220,513 | mfu: 0.00 | epoch: 1 | total time: 13.59m
step 00702 (48.92%) | loss: 2.004889 | lrm: 1.00 | dt: 1183.50ms | tok/sec: 221,499 | mfu: 0.00 | epoch: 1 | total time: 13.61m
step 00703 (48.99%) | loss: 2.009163 | lrm: 1.00 | dt: 1175.66ms | tok/sec: 222,975 | mfu: 0.00 | epoch: 1 | total time: 13.63m
step 00704 (49.06%) | loss: 2.039008 | lrm: 1.00 | dt: 1185.63ms | tok/sec: 221,100 | mfu: 0.00 | epoch: 1 | total time: 13.65m
step 00705 (49.12%) | loss: 2.034030 | lrm: 1.00 | dt: 1178.58ms | tok/sec: 222,424 | mfu: 0.00 | epoch: 1 | total time: 13.67m
step 00706 (49.19%) | loss: 2.049580 | lrm: 1.00 | dt: 1176.49ms | tok/sec: 222,818 | mfu: 0.00 | epoch: 1 | total time: 13.69m
step 00707 (49.27%) | loss: 2.038133 | lrm: 1.00 | dt: 1184.04ms | tok/sec: 221,398 | mfu: 0.00 | epoch: 1 | total time: 13.71m
step 00708 (49.35%) | loss: 2.011162 | lrm: 1.00 | dt: 1181.39ms | tok/sec: 221,895 | mfu: 0.00 | epoch: 1 | total time: 13.73m
step 00709 (49.41%) | loss: 2.004598 | lrm: 1.00 | dt: 1182.77ms | tok/sec: 221,635 | mfu: 0.00 | epoch: 1 | total time: 13.75m
step 00710 (49.48%) | loss: 2.007171 | lrm: 1.00 | dt: 1185.15ms | tok/sec: 221,190 | mfu: 0.00 | epoch: 1 | total time: 13.77m
step 00711 (49.55%) | loss: 2.002420 | lrm: 1.00 | dt: 1181.29ms | tok/sec: 221,913 | mfu: 0.00 | epoch: 1 | total time: 13.79m
step 00712 (49.63%) | loss: 2.028773 | lrm: 1.00 | dt: 1179.06ms | tok/sec: 222,333 | mfu: 0.00 | epoch: 1 | total time: 13.81m
step 00713 (49.69%) | loss: 2.014168 | lrm: 1.00 | dt: 1186.11ms | tok/sec: 221,011 | mfu: 0.00 | epoch: 1 | total time: 13.83m
step 00714 (49.76%) | loss: 2.022422 | lrm: 1.00 | dt: 1178.24ms | tok/sec: 222,487 | mfu: 0.00 | epoch: 1 | total time: 13.85m
step 00715 (49.84%) | loss: 2.000142 | lrm: 1.00 | dt: 1185.50ms | tok/sec: 221,125 | mfu: 0.00 | epoch: 1 | total time: 13.87m
step 00716 (49.91%) | loss: 2.006031 | lrm: 1.00 | dt: 1181.47ms | tok/sec: 221,879 | mfu: 0.00 | epoch: 1 | total time: 13.89m
step 00717 (49.98%) | loss: 1.994620 | lrm: 1.00 | dt: 1181.99ms | tok/sec: 221,782 | mfu: 0.00 | epoch: 1 | total time: 13.90m
step 00718 (50.06%) | loss: 1.991512 | lrm: 1.00 | dt: 1183.74ms | tok/sec: 221,453 | mfu: 0.00 | epoch: 1 | total time: 13.92m
step 00719 (50.13%) | loss: 2.004466 | lrm: 1.00 | dt: 1183.14ms | tok/sec: 221,566 | mfu: 0.00 | epoch: 1 | total time: 13.94m
step 00720 (50.21%) | loss: 2.013565 | lrm: 1.00 | dt: 1182.46ms | tok/sec: 221,694 | mfu: 0.00 | epoch: 1 | total time: 13.96m
step 00721 (50.27%) | loss: 1.995236 | lrm: 0.99 | dt: 1182.06ms | tok/sec: 221,769 | mfu: 0.00 | epoch: 1 | total time: 13.98m
step 00722 (50.33%) | loss: 1.973601 | lrm: 0.99 | dt: 1178.93ms | tok/sec: 222,357 | mfu: 0.00 | epoch: 1 | total time: 14.00m
step 00723 (50.40%) | loss: 1.988261 | lrm: 0.99 | dt: 1182.81ms | tok/sec: 221,627 | mfu: 0.00 | epoch: 1 | total time: 14.02m
step 00724 (50.47%) | loss: 2.021294 | lrm: 0.99 | dt: 1181.04ms | tok/sec: 221,960 | mfu: 0.00 | epoch: 1 | total time: 14.04m
step 00725 (50.55%) | loss: 2.020245 | lrm: 0.99 | dt: 1183.06ms | tok/sec: 221,581 | mfu: 0.00 | epoch: 1 | total time: 14.06m
step 00726 (50.62%) | loss: 2.033283 | lrm: 0.99 | dt: 1177.36ms | tok/sec: 222,653 | mfu: 0.00 | epoch: 1 | total time: 14.08m
step 00727 (50.69%) | loss: 2.033478 | lrm: 0.99 | dt: 1183.86ms | tok/sec: 221,431 | mfu: 0.00 | epoch: 1 | total time: 14.10m
step 00728 (50.75%) | loss: 2.022087 | lrm: 0.99 | dt: 1180.01ms | tok/sec: 222,153 | mfu: 0.00 | epoch: 1 | total time: 14.12m
step 00729 (50.81%) | loss: 2.052338 | lrm: 0.98 | dt: 1182.78ms | tok/sec: 221,634 | mfu: 0.00 | epoch: 1 | total time: 14.14m
step 00730 (50.89%) | loss: 2.034162 | lrm: 0.98 | dt: 1185.01ms | tok/sec: 221,216 | mfu: 0.00 | epoch: 1 | total time: 14.16m
step 00731 (50.95%) | loss: 2.010415 | lrm: 0.98 | dt: 1182.26ms | tok/sec: 221,730 | mfu: 0.00 | epoch: 1 | total time: 14.18m
step 00732 (51.02%) | loss: 1.978968 | lrm: 0.98 | dt: 1184.53ms | tok/sec: 221,306 | mfu: 0.00 | epoch: 1 | total time: 14.20m
step 00733 (51.09%) | loss: 1.987495 | lrm: 0.98 | dt: 1176.54ms | tok/sec: 222,808 | mfu: 0.00 | epoch: 1 | total time: 14.22m
step 00734 (51.15%) | loss: 1.978358 | lrm: 0.98 | dt: 1183.54ms | tok/sec: 221,492 | mfu: 0.00 | epoch: 1 | total time: 14.24m
step 00735 (51.22%) | loss: 1.996505 | lrm: 0.98 | dt: 1180.57ms | tok/sec: 222,047 | mfu: 0.00 | epoch: 1 | total time: 14.26m
step 00736 (51.29%) | loss: 1.991537 | lrm: 0.97 | dt: 1178.77ms | tok/sec: 222,387 | mfu: 0.00 | epoch: 1 | total time: 14.28m
step 00737 (51.36%) | loss: 2.004503 | lrm: 0.97 | dt: 1178.20ms | tok/sec: 222,494 | mfu: 0.00 | epoch: 1 | total time: 14.30m
step 00738 (51.43%) | loss: 1.999535 | lrm: 0.97 | dt: 1185.84ms | tok/sec: 221,061 | mfu: 0.00 | epoch: 1 | total time: 14.32m
step 00739 (51.50%) | loss: 1.993995 | lrm: 0.97 | dt: 1181.32ms | tok/sec: 221,907 | mfu: 0.00 | epoch: 1 | total time: 14.34m
step 00740 (51.57%) | loss: 1.970905 | lrm: 0.97 | dt: 1181.50ms | tok/sec: 221,873 | mfu: 0.00 | epoch: 1 | total time: 14.36m
step 00741 (51.64%) | loss: 1.984031 | lrm: 0.97 | dt: 1180.83ms | tok/sec: 222,000 | mfu: 0.00 | epoch: 1 | total time: 14.38m
step 00742 (51.70%) | loss: 1.959528 | lrm: 0.97 | dt: 1179.42ms | tok/sec: 222,264 | mfu: 0.00 | epoch: 1 | total time: 14.40m
step 00743 (51.77%) | loss: 1.967741 | lrm: 0.96 | dt: 1189.30ms | tok/sec: 220,418 | mfu: 0.00 | epoch: 1 | total time: 14.42m
step 00744 (51.84%) | loss: 2.010116 | lrm: 0.96 | dt: 1179.19ms | tok/sec: 222,307 | mfu: 0.00 | epoch: 1 | total time: 14.44m
step 00745 (51.91%) | loss: 2.021680 | lrm: 0.96 | dt: 1182.01ms | tok/sec: 221,777 | mfu: 0.00 | epoch: 1 | total time: 14.46m
step 00746 (51.98%) | loss: 2.008223 | lrm: 0.96 | dt: 1184.43ms | tok/sec: 221,324 | mfu: 0.00 | epoch: 1 | total time: 14.48m
step 00747 (52.05%) | loss: 2.016434 | lrm: 0.96 | dt: 1179.01ms | tok/sec: 222,342 | mfu: 0.00 | epoch: 1 | total time: 14.50m
step 00748 (52.12%) | loss: 1.995929 | lrm: 0.96 | dt: 1191.12ms | tok/sec: 220,082 | mfu: 0.00 | epoch: 1 | total time: 14.52m
step 00749 (52.19%) | loss: 2.004306 | lrm: 0.96 | dt: 1181.02ms | tok/sec: 221,964 | mfu: 0.00 | epoch: 1 | total time: 14.54m
step 00750 (52.25%) | loss: 2.009192 | lrm: 0.95 | dt: 1185.31ms | tok/sec: 221,160 | mfu: 0.00 | epoch: 1 | total time: 14.56m
Step 00750 | Validation bpb: 0.6299
step 00751 (52.32%) | loss: 2.032739 | lrm: 0.95 | dt: 1188.90ms | tok/sec: 220,492 | mfu: 0.00 | epoch: 1 | total time: 14.57m
step 00752 (52.39%) | loss: 2.000575 | lrm: 0.95 | dt: 1181.82ms | tok/sec: 221,813 | mfu: 0.00 | epoch: 1 | total time: 14.59m
step 00753 (52.47%) | loss: 2.026058 | lrm: 0.95 | dt: 1182.50ms | tok/sec: 221,685 | mfu: 0.00 | epoch: 1 | total time: 14.61m
step 00754 (52.53%) | loss: 2.018011 | lrm: 0.95 | dt: 1184.94ms | tok/sec: 221,229 | mfu: 0.00 | epoch: 1 | total time: 14.63m
step 00755 (52.61%) | loss: 2.042225 | lrm: 0.95 | dt: 1181.50ms | tok/sec: 221,873 | mfu: 0.00 | epoch: 1 | total time: 14.65m
step 00756 (52.68%) | loss: 2.028560 | lrm: 0.95 | dt: 1178.13ms | tok/sec: 222,508 | mfu: 0.00 | epoch: 1 | total time: 14.67m
step 00757 (52.75%) | loss: 2.042337 | lrm: 0.95 | dt: 1187.41ms | tok/sec: 220,770 | mfu: 0.00 | epoch: 1 | total time: 14.69m
step 00758 (52.82%) | loss: 2.037358 | lrm: 0.94 | dt: 1180.55ms | tok/sec: 222,051 | mfu: 0.00 | epoch: 1 | total time: 14.71m
step 00759 (52.88%) | loss: 2.027249 | lrm: 0.94 | dt: 1181.32ms | tok/sec: 221,907 | mfu: 0.00 | epoch: 1 | total time: 14.73m
step 00760 (52.96%) | loss: 2.015375 | lrm: 0.94 | dt: 1177.00ms | tok/sec: 222,721 | mfu: 0.00 | epoch: 1 | total time: 14.75m
step 00761 (53.02%) | loss: 2.013104 | lrm: 0.94 | dt: 1181.99ms | tok/sec: 221,780 | mfu: 0.00 | epoch: 1 | total time: 14.77m
step 00762 (53.09%) | loss: 2.018292 | lrm: 0.94 | dt: 1179.35ms | tok/sec: 222,278 | mfu: 0.00 | epoch: 1 | total time: 14.79m
step 00763 (53.16%) | loss: 2.003902 | lrm: 0.94 | dt: 1180.57ms | tok/sec: 222,049 | mfu: 0.00 | epoch: 1 | total time: 14.81m
step 00764 (53.22%) | loss: 2.011201 | lrm: 0.94 | dt: 1181.62ms | tok/sec: 221,850 | mfu: 0.00 | epoch: 1 | total time: 14.83m
step 00765 (53.29%) | loss: 1.977678 | lrm: 0.93 | dt: 1182.32ms | tok/sec: 221,719 | mfu: 0.00 | epoch: 1 | total time: 14.85m
step 00766 (53.36%) | loss: 1.965498 | lrm: 0.93 | dt: 1181.02ms | tok/sec: 221,963 | mfu: 0.00 | epoch: 1 | total time: 14.87m
step 00767 (53.43%) | loss: 1.992674 | lrm: 0.93 | dt: 1179.78ms | tok/sec: 222,196 | mfu: 0.00 | epoch: 1 | total time: 14.89m
step 00768 (53.50%) | loss: 2.027661 | lrm: 0.93 | dt: 1183.69ms | tok/sec: 221,463 | mfu: 0.00 | epoch: 1 | total time: 14.91m
step 00769 (53.58%) | loss: 2.067406 | lrm: 0.93 | dt: 1181.68ms | tok/sec: 221,839 | mfu: 0.00 | epoch: 1 | total time: 14.93m
step 00770 (53.66%) | loss: 2.057661 | lrm: 0.93 | dt: 1184.08ms | tok/sec: 221,391 | mfu: 0.00 | epoch: 1 | total time: 14.95m
step 00771 (53.73%) | loss: 2.069565 | lrm: 0.93 | dt: 1179.02ms | tok/sec: 222,341 | mfu: 0.00 | epoch: 1 | total time: 14.97m
step 00772 (53.79%) | loss: 2.034499 | lrm: 0.92 | dt: 1185.72ms | tok/sec: 221,084 | mfu: 0.00 | epoch: 1 | total time: 14.99m
step 00773 (53.87%) | loss: 2.018252 | lrm: 0.92 | dt: 1180.05ms | tok/sec: 222,145 | mfu: 0.00 | epoch: 1 | total time: 15.01m
step 00774 (53.94%) | loss: 2.028340 | lrm: 0.92 | dt: 1183.62ms | tok/sec: 221,476 | mfu: 0.00 | epoch: 1 | total time: 15.03m
step 00775 (54.01%) | loss: 1.994100 | lrm: 0.92 | dt: 1178.90ms | tok/sec: 222,363 | mfu: 0.00 | epoch: 1 | total time: 15.05m
step 00776 (54.08%) | loss: 1.996082 | lrm: 0.92 | dt: 1180.94ms | tok/sec: 221,979 | mfu: 0.00 | epoch: 1 | total time: 15.07m
step 00777 (54.15%) | loss: 1.979129 | lrm: 0.92 | dt: 1184.91ms | tok/sec: 221,235 | mfu: 0.00 | epoch: 1 | total time: 15.09m
step 00778 (54.22%) | loss: 1.980155 | lrm: 0.92 | dt: 1180.93ms | tok/sec: 221,981 | mfu: 0.00 | epoch: 1 | total time: 15.11m
step 00779 (54.29%) | loss: 1.977545 | lrm: 0.91 | dt: 1178.96ms | tok/sec: 222,351 | mfu: 0.00 | epoch: 1 | total time: 15.13m
step 00780 (54.36%) | loss: 1.993057 | lrm: 0.91 | dt: 1186.93ms | tok/sec: 220,858 | mfu: 0.00 | epoch: 1 | total time: 15.15m
step 00781 (54.43%) | loss: 1.987138 | lrm: 0.91 | dt: 1177.69ms | tok/sec: 222,592 | mfu: 0.00 | epoch: 1 | total time: 15.17m
step 00782 (54.51%) | loss: 1.969021 | lrm: 0.91 | dt: 1181.01ms | tok/sec: 221,965 | mfu: 0.00 | epoch: 1 | total time: 15.19m
step 00783 (54.58%) | loss: 1.959560 | lrm: 0.91 | dt: 1184.05ms | tok/sec: 221,396 | mfu: 0.00 | epoch: 1 | total time: 15.21m
step 00784 (54.64%) | loss: 1.955779 | lrm: 0.91 | dt: 1180.10ms | tok/sec: 222,136 | mfu: 0.00 | epoch: 1 | total time: 15.22m
step 00785 (54.70%) | loss: 1.943551 | lrm: 0.91 | dt: 1179.05ms | tok/sec: 222,335 | mfu: 0.00 | epoch: 1 | total time: 15.24m
step 00786 (54.78%) | loss: 1.949329 | lrm: 0.90 | dt: 1180.81ms | tok/sec: 222,003 | mfu: 0.00 | epoch: 1 | total time: 15.26m
step 00787 (54.84%) | loss: 1.971371 | lrm: 0.90 | dt: 1182.98ms | tok/sec: 221,595 | mfu: 0.00 | epoch: 1 | total time: 15.28m
step 00788 (54.91%) | loss: 1.970486 | lrm: 0.90 | dt: 1182.28ms | tok/sec: 221,727 | mfu: 0.00 | epoch: 1 | total time: 15.30m
step 00789 (54.98%) | loss: 1.966727 | lrm: 0.90 | dt: 1178.68ms | tok/sec: 222,404 | mfu: 0.00 | epoch: 1 | total time: 15.32m
step 00790 (55.06%) | loss: 1.973226 | lrm: 0.90 | dt: 1183.20ms | tok/sec: 221,555 | mfu: 0.00 | epoch: 1 | total time: 15.34m
step 00791 (55.12%) | loss: 1.993041 | lrm: 0.90 | dt: 1185.41ms | tok/sec: 221,142 | mfu: 0.00 | epoch: 1 | total time: 15.36m
step 00792 (55.20%) | loss: 1.993133 | lrm: 0.90 | dt: 1180.91ms | tok/sec: 221,983 | mfu: 0.00 | epoch: 1 | total time: 15.38m
step 00793 (55.28%) | loss: 2.004808 | lrm: 0.89 | dt: 1180.15ms | tok/sec: 222,127 | mfu: 0.00 | epoch: 1 | total time: 15.40m
step 00794 (55.36%) | loss: 2.016149 | lrm: 0.89 | dt: 1182.07ms | tok/sec: 221,766 | mfu: 0.00 | epoch: 1 | total time: 15.42m
step 00795 (55.43%) | loss: 1.993695 | lrm: 0.89 | dt: 1178.03ms | tok/sec: 222,527 | mfu: 0.00 | epoch: 1 | total time: 15.44m
step 00796 (55.51%) | loss: 2.015352 | lrm: 0.89 | dt: 1184.66ms | tok/sec: 221,281 | mfu: 0.00 | epoch: 1 | total time: 15.46m
step 00797 (55.58%) | loss: 2.009452 | lrm: 0.89 | dt: 1180.61ms | tok/sec: 222,040 | mfu: 0.00 | epoch: 1 | total time: 15.48m
step 00798 (55.65%) | loss: 1.991524 | lrm: 0.89 | dt: 1185.65ms | tok/sec: 221,097 | mfu: 0.00 | epoch: 1 | total time: 15.50m
step 00799 (55.71%) | loss: 1.989605 | lrm: 0.89 | dt: 1183.15ms | tok/sec: 221,564 | mfu: 0.00 | epoch: 1 | total time: 15.52m
step 00800 (55.78%) | loss: 1.990447 | lrm: 0.88 | dt: 1183.96ms | tok/sec: 221,412 | mfu: 0.00 | epoch: 1 | total time: 15.54m
Step 00800 | Validation bpb: 0.6245
step 00801 (55.85%) | loss: 1.988855 | lrm: 0.88 | dt: 1189.05ms | tok/sec: 220,465 | mfu: 0.00 | epoch: 1 | total time: 15.56m
step 00802 (55.92%) | loss: 1.990080 | lrm: 0.88 | dt: 1180.44ms | tok/sec: 222,073 | mfu: 0.00 | epoch: 1 | total time: 15.58m
step 00803 (55.98%) | loss: 1.989057 | lrm: 0.88 | dt: 1179.70ms | tok/sec: 222,212 | mfu: 0.00 | epoch: 1 | total time: 15.60m
step 00804 (56.06%) | loss: 1.996220 | lrm: 0.88 | dt: 1176.78ms | tok/sec: 222,763 | mfu: 0.00 | epoch: 1 | total time: 15.62m
step 00805 (56.13%) | loss: 1.996154 | lrm: 0.88 | dt: 1182.39ms | tok/sec: 221,707 | mfu: 0.00 | epoch: 1 | total time: 15.64m
step 00806 (56.20%) | loss: 2.002728 | lrm: 0.88 | dt: 1178.39ms | tok/sec: 222,458 | mfu: 0.00 | epoch: 1 | total time: 15.66m
step 00807 (56.27%) | loss: 2.015465 | lrm: 0.87 | dt: 1183.44ms | tok/sec: 221,510 | mfu: 0.00 | epoch: 1 | total time: 15.68m
step 00808 (56.34%) | loss: 2.004070 | lrm: 0.87 | dt: 1185.57ms | tok/sec: 221,111 | mfu: 0.00 | epoch: 1 | total time: 15.70m
step 00809 (56.41%) | loss: 2.015174 | lrm: 0.87 | dt: 1180.80ms | tok/sec: 222,004 | mfu: 0.00 | epoch: 1 | total time: 15.72m
step 00810 (56.48%) | loss: 2.014178 | lrm: 0.87 | dt: 1186.65ms | tok/sec: 220,910 | mfu: 0.00 | epoch: 1 | total time: 15.74m
step 00811 (56.55%) | loss: 1.991880 | lrm: 0.87 | dt: 1178.22ms | tok/sec: 222,491 | mfu: 0.00 | epoch: 1 | total time: 15.76m
step 00812 (56.62%) | loss: 2.006497 | lrm: 0.87 | dt: 1182.52ms | tok/sec: 221,682 | mfu: 0.00 | epoch: 1 | total time: 15.78m
step 00813 (56.68%) | loss: 2.010689 | lrm: 0.87 | dt: 1183.03ms | tok/sec: 221,587 | mfu: 0.00 | epoch: 1 | total time: 15.80m
step 00814 (56.75%) | loss: 2.018119 | lrm: 0.86 | dt: 1182.70ms | tok/sec: 221,648 | mfu: 0.00 | epoch: 1 | total time: 15.82m
step 00815 (56.83%) | loss: 2.041479 | lrm: 0.86 | dt: 1175.28ms | tok/sec: 223,047 | mfu: 0.00 | epoch: 1 | total time: 15.84m
step 00816 (56.89%) | loss: 2.034695 | lrm: 0.86 | dt: 1186.86ms | tok/sec: 220,871 | mfu: 0.00 | epoch: 1 | total time: 15.86m
step 00817 (56.96%) | loss: 2.044931 | lrm: 0.86 | dt: 1182.11ms | tok/sec: 221,759 | mfu: 0.00 | epoch: 1 | total time: 15.87m
step 00818 (57.03%) | loss: 2.047590 | lrm: 0.86 | dt: 1179.80ms | tok/sec: 222,193 | mfu: 0.00 | epoch: 1 | total time: 15.89m
step 00819 (57.10%) | loss: 2.042706 | lrm: 0.86 | dt: 1183.53ms | tok/sec: 221,493 | mfu: 0.00 | epoch: 1 | total time: 15.91m
step 00820 (57.16%) | loss: 2.018887 | lrm: 0.86 | dt: 1180.55ms | tok/sec: 222,051 | mfu: 0.00 | epoch: 1 | total time: 15.93m
step 00821 (57.22%) | loss: 2.019307 | lrm: 0.86 | dt: 1185.92ms | tok/sec: 221,046 | mfu: 0.00 | epoch: 1 | total time: 15.95m
step 00822 (57.30%) | loss: 2.055894 | lrm: 0.85 | dt: 1181.58ms | tok/sec: 221,859 | mfu: 0.00 | epoch: 1 | total time: 15.97m
step 00823 (57.36%) | loss: 2.034875 | lrm: 0.85 | dt: 1182.90ms | tok/sec: 221,611 | mfu: 0.00 | epoch: 1 | total time: 15.99m
step 00824 (57.44%) | loss: 2.006168 | lrm: 0.85 | dt: 1185.93ms | tok/sec: 221,044 | mfu: 0.00 | epoch: 1 | total time: 16.01m
step 00825 (57.51%) | loss: 2.003991 | lrm: 0.85 | dt: 1180.36ms | tok/sec: 222,088 | mfu: 0.00 | epoch: 1 | total time: 16.03m
step 00826 (57.58%) | loss: 1.999431 | lrm: 0.85 | dt: 1185.31ms | tok/sec: 221,160 | mfu: 0.00 | epoch: 1 | total time: 16.05m
step 00827 (57.65%) | loss: 2.011997 | lrm: 0.85 | dt: 1178.61ms | tok/sec: 222,418 | mfu: 0.00 | epoch: 1 | total time: 16.07m
step 00828 (57.72%) | loss: 2.009712 | lrm: 0.85 | dt: 1187.25ms | tok/sec: 220,798 | mfu: 0.00 | epoch: 1 | total time: 16.09m
step 00829 (57.79%) | loss: 1.984325 | lrm: 0.84 | dt: 1178.99ms | tok/sec: 222,346 | mfu: 0.00 | epoch: 1 | total time: 16.11m
step 00830 (57.86%) | loss: 1.969408 | lrm: 0.84 | dt: 1184.89ms | tok/sec: 221,239 | mfu: 0.00 | epoch: 1 | total time: 16.13m
step 00831 (57.93%) | loss: 1.998915 | lrm: 0.84 | dt: 1178.72ms | tok/sec: 222,396 | mfu: 0.00 | epoch: 1 | total time: 16.15m
step 00832 (58.01%) | loss: 1.993673 | lrm: 0.84 | dt: 1181.61ms | tok/sec: 221,853 | mfu: 0.00 | epoch: 1 | total time: 16.17m
step 00833 (58.08%) | loss: 2.001030 | lrm: 0.84 | dt: 1182.24ms | tok/sec: 221,734 | mfu: 0.00 | epoch: 1 | total time: 16.19m
step 00834 (58.14%) | loss: 1.972608 | lrm: 0.84 | dt: 1183.79ms | tok/sec: 221,444 | mfu: 0.00 | epoch: 1 | total time: 16.21m
step 00835 (58.21%) | loss: 1.969779 | lrm: 0.84 | dt: 1187.08ms | tok/sec: 220,830 | mfu: 0.00 | epoch: 1 | total time: 16.23m
step 00836 (58.28%) | loss: 1.949034 | lrm: 0.83 | dt: 1181.05ms | tok/sec: 221,958 | mfu: 0.00 | epoch: 1 | total time: 16.25m
step 00837 (58.35%) | loss: 1.962921 | lrm: 0.83 | dt: 1179.52ms | tok/sec: 222,246 | mfu: 0.00 | epoch: 1 | total time: 16.27m
step 00838 (58.42%) | loss: 1.949294 | lrm: 0.83 | dt: 1181.62ms | tok/sec: 221,852 | mfu: 0.00 | epoch: 1 | total time: 16.29m
step 00839 (58.49%) | loss: 1.938925 | lrm: 0.83 | dt: 1178.89ms | tok/sec: 222,364 | mfu: 0.00 | epoch: 1 | total time: 16.31m
step 00840 (58.58%) | loss: 1.946385 | lrm: 0.83 | dt: 1181.00ms | tok/sec: 221,967 | mfu: 0.00 | epoch: 1 | total time: 16.33m
step 00841 (58.64%) | loss: 1.953833 | lrm: 0.83 | dt: 1178.83ms | tok/sec: 222,377 | mfu: 0.00 | epoch: 1 | total time: 16.35m
step 00842 (58.71%) | loss: 1.955597 | lrm: 0.83 | dt: 1187.19ms | tok/sec: 220,809 | mfu: 0.00 | epoch: 1 | total time: 16.37m
step 00843 (58.78%) | loss: 1.938728 | lrm: 0.82 | dt: 1187.26ms | tok/sec: 220,798 | mfu: 0.00 | epoch: 1 | total time: 16.39m
step 00844 (58.85%) | loss: 1.963250 | lrm: 0.82 | dt: 1183.88ms | tok/sec: 221,428 | mfu: 0.00 | epoch: 1 | total time: 16.41m
step 00845 (58.92%) | loss: 1.962295 | lrm: 0.82 | dt: 1179.38ms | tok/sec: 222,273 | mfu: 0.00 | epoch: 1 | total time: 16.43m
step 00846 (58.99%) | loss: 1.968860 | lrm: 0.82 | dt: 1180.54ms | tok/sec: 222,054 | mfu: 0.00 | epoch: 1 | total time: 16.45m
step 00847 (59.07%) | loss: 1.962883 | lrm: 0.82 | dt: 1184.61ms | tok/sec: 221,292 | mfu: 0.00 | epoch: 1 | total time: 16.47m
step 00848 (59.15%) | loss: 1.972985 | lrm: 0.82 | dt: 1179.51ms | tok/sec: 222,248 | mfu: 0.00 | epoch: 1 | total time: 16.49m
step 00849 (59.21%) | loss: 1.991362 | lrm: 0.82 | dt: 1183.68ms | tok/sec: 221,466 | mfu: 0.00 | epoch: 1 | total time: 16.51m
step 00850 (59.27%) | loss: 2.007360 | lrm: 0.81 | dt: 1178.78ms | tok/sec: 222,386 | mfu: 0.00 | epoch: 1 | total time: 16.53m
Step 00850 | Validation bpb: 0.6176
step 00851 (59.35%) | loss: 1.981231 | lrm: 0.81 | dt: 1187.40ms | tok/sec: 220,772 | mfu: 0.00 | epoch: 1 | total time: 16.54m
step 00852 (59.42%) | loss: 1.988175 | lrm: 0.81 | dt: 1182.95ms | tok/sec: 221,602 | mfu: 0.00 | epoch: 1 | total time: 16.56m
step 00853 (59.49%) | loss: 1.959627 | lrm: 0.81 | dt: 1184.40ms | tok/sec: 221,330 | mfu: 0.00 | epoch: 1 | total time: 16.58m
step 00854 (59.56%) | loss: 1.955891 | lrm: 0.81 | dt: 1182.08ms | tok/sec: 221,764 | mfu: 0.00 | epoch: 1 | total time: 16.60m
step 00855 (59.62%) | loss: 1.956749 | lrm: 0.81 | dt: 1186.51ms | tok/sec: 220,936 | mfu: 0.00 | epoch: 1 | total time: 16.62m
step 00856 (59.68%) | loss: 1.945586 | lrm: 0.81 | dt: 1178.92ms | tok/sec: 222,360 | mfu: 0.00 | epoch: 1 | total time: 16.64m
step 00857 (59.75%) | loss: 1.951804 | lrm: 0.80 | dt: 1183.90ms | tok/sec: 221,423 | mfu: 0.00 | epoch: 1 | total time: 16.66m
step 00858 (59.82%) | loss: 1.963710 | lrm: 0.80 | dt: 1181.54ms | tok/sec: 221,866 | mfu: 0.00 | epoch: 1 | total time: 16.68m
step 00859 (59.90%) | loss: 1.971496 | lrm: 0.80 | dt: 1183.96ms | tok/sec: 221,412 | mfu: 0.00 | epoch: 1 | total time: 16.70m
step 00860 (59.97%) | loss: 1.976453 | lrm: 0.80 | dt: 1183.75ms | tok/sec: 221,452 | mfu: 0.00 | epoch: 1 | total time: 16.72m
step 00861 (60.04%) | loss: 1.962408 | lrm: 0.80 | dt: 1183.06ms | tok/sec: 221,581 | mfu: 0.00 | epoch: 1 | total time: 16.74m
step 00862 (60.10%) | loss: 1.969007 | lrm: 0.80 | dt: 1183.61ms | tok/sec: 221,478 | mfu: 0.00 | epoch: 1 | total time: 16.76m
step 00863 (60.17%) | loss: 1.972570 | lrm: 0.80 | dt: 1183.21ms | tok/sec: 221,553 | mfu: 0.00 | epoch: 1 | total time: 16.78m
step 00864 (60.24%) | loss: 1.973008 | lrm: 0.80 | dt: 1179.35ms | tok/sec: 222,278 | mfu: 0.00 | epoch: 1 | total time: 16.80m
step 00865 (60.30%) | loss: 2.002032 | lrm: 0.79 | dt: 1184.29ms | tok/sec: 221,351 | mfu: 0.00 | epoch: 1 | total time: 16.82m
step 00866 (60.36%) | loss: 2.006709 | lrm: 0.79 | dt: 1180.37ms | tok/sec: 222,087 | mfu: 0.00 | epoch: 1 | total time: 16.84m
step 00867 (60.44%) | loss: 2.031265 | lrm: 0.79 | dt: 1180.29ms | tok/sec: 222,100 | mfu: 0.00 | epoch: 1 | total time: 16.86m
step 00868 (60.50%) | loss: 2.011728 | lrm: 0.79 | dt: 1180.81ms | tok/sec: 222,004 | mfu: 0.00 | epoch: 1 | total time: 16.88m
step 00869 (60.56%) | loss: 1.995996 | lrm: 0.79 | dt: 1183.84ms | tok/sec: 221,436 | mfu: 0.00 | epoch: 1 | total time: 16.90m
step 00870 (60.64%) | loss: 1.996246 | lrm: 0.79 | dt: 1177.99ms | tok/sec: 222,534 | mfu: 0.00 | epoch: 1 | total time: 16.92m
step 00871 (60.72%) | loss: 2.040181 | lrm: 0.79 | dt: 1178.53ms | tok/sec: 222,432 | mfu: 0.00 | epoch: 1 | total time: 16.94m
step 00872 (60.79%) | loss: 2.031372 | lrm: 0.78 | dt: 1180.59ms | tok/sec: 222,044 | mfu: 0.00 | epoch: 1 | total time: 16.96m
step 00873 (60.85%) | loss: 2.029267 | lrm: 0.78 | dt: 1181.15ms | tok/sec: 221,939 | mfu: 0.00 | epoch: 1 | total time: 16.98m
step 00874 (60.92%) | loss: 2.035785 | lrm: 0.78 | dt: 1182.17ms | tok/sec: 221,749 | mfu: 0.00 | epoch: 1 | total time: 17.00m
step 00875 (60.99%) | loss: 2.034803 | lrm: 0.78 | dt: 1182.58ms | tok/sec: 221,670 | mfu: 0.00 | epoch: 1 | total time: 17.02m
step 00876 (61.05%) | loss: 2.035583 | lrm: 0.78 | dt: 1180.65ms | tok/sec: 222,033 | mfu: 0.00 | epoch: 1 | total time: 17.04m
step 00877 (61.13%) | loss: 2.047703 | lrm: 0.78 | dt: 1180.22ms | tok/sec: 222,114 | mfu: 0.00 | epoch: 1 | total time: 17.06m
step 00878 (61.21%) | loss: 2.016682 | lrm: 0.78 | dt: 1185.07ms | tok/sec: 221,204 | mfu: 0.00 | epoch: 1 | total time: 17.08m
step 00879 (61.28%) | loss: 1.995022 | lrm: 0.77 | dt: 1175.90ms | tok/sec: 222,931 | mfu: 0.00 | epoch: 1 | total time: 17.10m
step 00880 (61.34%) | loss: 1.993660 | lrm: 0.77 | dt: 1185.51ms | tok/sec: 221,122 | mfu: 0.00 | epoch: 1 | total time: 17.12m
step 00881 (61.41%) | loss: 1.965991 | lrm: 0.77 | dt: 1183.55ms | tok/sec: 221,489 | mfu: 0.00 | epoch: 1 | total time: 17.14m
step 00882 (61.48%) | loss: 1.979634 | lrm: 0.77 | dt: 1178.64ms | tok/sec: 222,411 | mfu: 0.00 | epoch: 1 | total time: 17.16m
step 00883 (61.55%) | loss: 1.974488 | lrm: 0.77 | dt: 1183.34ms | tok/sec: 221,529 | mfu: 0.00 | epoch: 1 | total time: 17.18m
step 00884 (61.62%) | loss: 1.983765 | lrm: 0.77 | dt: 1184.01ms | tok/sec: 221,402 | mfu: 0.00 | epoch: 1 | total time: 17.19m
step 00885 (61.69%) | loss: 1.946192 | lrm: 0.77 | dt: 1180.20ms | tok/sec: 222,118 | mfu: 0.00 | epoch: 1 | total time: 17.21m
step 00886 (61.76%) | loss: 1.913573 | lrm: 0.76 | dt: 1188.05ms | tok/sec: 220,650 | mfu: 0.00 | epoch: 1 | total time: 17.23m
step 00887 (61.82%) | loss: 1.905100 | lrm: 0.76 | dt: 1182.65ms | tok/sec: 221,658 | mfu: 0.00 | epoch: 1 | total time: 17.25m
step 00888 (61.89%) | loss: 1.932575 | lrm: 0.76 | dt: 1190.33ms | tok/sec: 220,228 | mfu: 0.00 | epoch: 1 | total time: 17.27m
step 00889 (61.96%) | loss: 1.944064 | lrm: 0.76 | dt: 1182.95ms | tok/sec: 221,601 | mfu: 0.00 | epoch: 1 | total time: 17.29m
step 00890 (62.05%) | loss: 1.948973 | lrm: 0.76 | dt: 1180.83ms | tok/sec: 222,000 | mfu: 0.00 | epoch: 1 | total time: 17.31m
step 00891 (62.12%) | loss: 1.964468 | lrm: 0.76 | dt: 1178.37ms | tok/sec: 222,463 | mfu: 0.00 | epoch: 1 | total time: 17.33m
step 00892 (62.20%) | loss: 1.958731 | lrm: 0.76 | dt: 1185.33ms | tok/sec: 221,157 | mfu: 0.00 | epoch: 1 | total time: 17.35m
step 00893 (62.26%) | loss: 1.987412 | lrm: 0.75 | dt: 1185.97ms | tok/sec: 221,037 | mfu: 0.00 | epoch: 1 | total time: 17.37m
step 00894 (62.32%) | loss: 1.985415 | lrm: 0.75 | dt: 1182.39ms | tok/sec: 221,706 | mfu: 0.00 | epoch: 1 | total time: 17.39m
step 00895 (62.38%) | loss: 1.982307 | lrm: 0.75 | dt: 1181.44ms | tok/sec: 221,885 | mfu: 0.00 | epoch: 1 | total time: 17.41m
step 00896 (62.45%) | loss: 1.987433 | lrm: 0.75 | dt: 1184.27ms | tok/sec: 221,354 | mfu: 0.00 | epoch: 1 | total time: 17.43m
step 00897 (62.52%) | loss: 1.957811 | lrm: 0.75 | dt: 1180.64ms | tok/sec: 222,034 | mfu: 0.00 | epoch: 1 | total time: 17.45m
step 00898 (62.59%) | loss: 1.987979 | lrm: 0.75 | dt: 1179.06ms | tok/sec: 222,332 | mfu: 0.00 | epoch: 1 | total time: 17.47m
step 00899 (62.66%) | loss: 1.959334 | lrm: 0.75 | dt: 1186.12ms | tok/sec: 221,009 | mfu: 0.00 | epoch: 1 | total time: 17.49m
step 00900 (62.73%) | loss: 1.979486 | lrm: 0.75 | dt: 1182.06ms | tok/sec: 221,768 | mfu: 0.00 | epoch: 1 | total time: 17.51m
Step 00900 | Validation bpb: 0.6130
step 00901 (62.80%) | loss: 1.964911 | lrm: 0.74 | dt: 1190.03ms | tok/sec: 220,283 | mfu: 0.00 | epoch: 1 | total time: 17.53m
step 00902 (62.86%) | loss: 1.969462 | lrm: 0.74 | dt: 1180.69ms | tok/sec: 222,026 | mfu: 0.00 | epoch: 1 | total time: 17.55m
step 00903 (62.93%) | loss: 1.992534 | lrm: 0.74 | dt: 1179.85ms | tok/sec: 222,184 | mfu: 0.00 | epoch: 1 | total time: 17.57m
step 00904 (63.00%) | loss: 2.012495 | lrm: 0.74 | dt: 1180.06ms | tok/sec: 222,143 | mfu: 0.00 | epoch: 1 | total time: 17.59m
step 00905 (63.06%) | loss: 1.981751 | lrm: 0.74 | dt: 1177.52ms | tok/sec: 222,623 | mfu: 0.00 | epoch: 1 | total time: 17.61m
step 00906 (63.14%) | loss: 1.990636 | lrm: 0.74 | dt: 1181.53ms | tok/sec: 221,868 | mfu: 0.00 | epoch: 1 | total time: 17.63m
step 00907 (63.21%) | loss: 1.964238 | lrm: 0.74 | dt: 1176.99ms | tok/sec: 222,723 | mfu: 0.00 | epoch: 1 | total time: 17.65m
step 00908 (63.28%) | loss: 1.980770 | lrm: 0.73 | dt: 1181.00ms | tok/sec: 221,968 | mfu: 0.00 | epoch: 1 | total time: 17.67m
step 00909 (63.37%) | loss: 1.958518 | lrm: 0.73 | dt: 1179.43ms | tok/sec: 222,263 | mfu: 0.00 | epoch: 1 | total time: 17.69m
step 00910 (63.44%) | loss: 1.958593 | lrm: 0.73 | dt: 1183.84ms | tok/sec: 221,436 | mfu: 0.00 | epoch: 1 | total time: 17.71m
step 00911 (63.52%) | loss: 1.951489 | lrm: 0.73 | dt: 1182.63ms | tok/sec: 221,661 | mfu: 0.00 | epoch: 1 | total time: 17.73m
step 00912 (63.59%) | loss: 1.935671 | lrm: 0.73 | dt: 1189.93ms | tok/sec: 220,302 | mfu: 0.00 | epoch: 1 | total time: 17.75m
step 00913 (63.65%) | loss: 1.934797 | lrm: 0.73 | dt: 1177.85ms | tok/sec: 222,561 | mfu: 0.00 | epoch: 1 | total time: 17.77m
step 00914 (63.72%) | loss: 1.950835 | lrm: 0.73 | dt: 1184.62ms | tok/sec: 221,288 | mfu: 0.00 | epoch: 1 | total time: 17.79m
step 00915 (63.79%) | loss: 1.960561 | lrm: 0.72 | dt: 1178.92ms | tok/sec: 222,359 | mfu: 0.00 | epoch: 1 | total time: 17.81m
step 00916 (63.87%) | loss: 1.957646 | lrm: 0.72 | dt: 1181.48ms | tok/sec: 221,876 | mfu: 0.00 | epoch: 1 | total time: 17.83m
step 00917 (63.94%) | loss: 1.934296 | lrm: 0.72 | dt: 1185.46ms | tok/sec: 221,132 | mfu: 0.00 | epoch: 1 | total time: 17.85m
step 00918 (64.00%) | loss: 1.938282 | lrm: 0.72 | dt: 1182.27ms | tok/sec: 221,729 | mfu: 0.00 | epoch: 1 | total time: 17.87m
step 00919 (64.08%) | loss: 1.921969 | lrm: 0.72 | dt: 1182.10ms | tok/sec: 221,762 | mfu: 0.00 | epoch: 1 | total time: 17.88m
step 00920 (64.16%) | loss: 1.918757 | lrm: 0.72 | dt: 1180.74ms | tok/sec: 222,016 | mfu: 0.00 | epoch: 1 | total time: 17.90m
step 00921 (64.22%) | loss: 1.917007 | lrm: 0.72 | dt: 1181.93ms | tok/sec: 221,792 | mfu: 0.00 | epoch: 1 | total time: 17.92m
step 00922 (64.29%) | loss: 1.904336 | lrm: 0.71 | dt: 1187.25ms | tok/sec: 220,799 | mfu: 0.00 | epoch: 1 | total time: 17.94m
step 00923 (64.35%) | loss: 1.910517 | lrm: 0.71 | dt: 1181.24ms | tok/sec: 221,922 | mfu: 0.00 | epoch: 1 | total time: 17.96m
step 00924 (64.42%) | loss: 1.908896 | lrm: 0.71 | dt: 1186.82ms | tok/sec: 220,879 | mfu: 0.00 | epoch: 1 | total time: 17.98m
step 00925 (64.50%) | loss: 1.892208 | lrm: 0.71 | dt: 1178.95ms | tok/sec: 222,354 | mfu: 0.00 | epoch: 1 | total time: 18.00m
step 00926 (64.57%) | loss: 1.883167 | lrm: 0.71 | dt: 1185.72ms | tok/sec: 221,084 | mfu: 0.00 | epoch: 1 | total time: 18.02m
step 00927 (64.64%) | loss: 1.881312 | lrm: 0.71 | dt: 1180.50ms | tok/sec: 222,061 | mfu: 0.00 | epoch: 1 | total time: 18.04m
step 00928 (64.71%) | loss: 1.896722 | lrm: 0.71 | dt: 1182.03ms | tok/sec: 221,775 | mfu: 0.00 | epoch: 1 | total time: 18.06m
step 00929 (64.78%) | loss: 1.896210 | lrm: 0.70 | dt: 1181.83ms | tok/sec: 221,811 | mfu: 0.00 | epoch: 1 | total time: 18.08m
step 00930 (64.85%) | loss: 1.915267 | lrm: 0.70 | dt: 1184.48ms | tok/sec: 221,316 | mfu: 0.00 | epoch: 1 | total time: 18.10m
step 00931 (64.92%) | loss: 1.924736 | lrm: 0.70 | dt: 1184.64ms | tok/sec: 221,285 | mfu: 0.00 | epoch: 1 | total time: 18.12m
step 00932 (64.98%) | loss: 1.922837 | lrm: 0.70 | dt: 1178.67ms | tok/sec: 222,406 | mfu: 0.00 | epoch: 1 | total time: 18.14m
step 00933 (65.06%) | loss: 1.930897 | lrm: 0.70 | dt: 1189.02ms | tok/sec: 220,470 | mfu: 0.00 | epoch: 1 | total time: 18.16m
step 00934 (65.13%) | loss: 1.944875 | lrm: 0.70 | dt: 1182.12ms | tok/sec: 221,757 | mfu: 0.00 | epoch: 1 | total time: 18.18m
step 00935 (65.20%) | loss: 1.980964 | lrm: 0.70 | dt: 1183.02ms | tok/sec: 221,588 | mfu: 0.00 | epoch: 1 | total time: 18.20m
step 00936 (65.27%) | loss: 1.964011 | lrm: 0.69 | dt: 1185.69ms | tok/sec: 221,090 | mfu: 0.00 | epoch: 1 | total time: 18.22m
step 00937 (65.35%) | loss: 1.971287 | lrm: 0.69 | dt: 1178.31ms | tok/sec: 222,474 | mfu: 0.00 | epoch: 1 | total time: 18.24m
step 00938 (65.42%) | loss: 1.989225 | lrm: 0.69 | dt: 1185.78ms | tok/sec: 221,073 | mfu: 0.00 | epoch: 1 | total time: 18.26m
step 00939 (65.49%) | loss: 1.965632 | lrm: 0.69 | dt: 1176.51ms | tok/sec: 222,815 | mfu: 0.00 | epoch: 1 | total time: 18.28m
step 00940 (65.55%) | loss: 1.978724 | lrm: 0.69 | dt: 1191.15ms | tok/sec: 220,075 | mfu: 0.00 | epoch: 1 | total time: 18.30m
step 00941 (65.63%) | loss: 1.994369 | lrm: 0.69 | dt: 1179.65ms | tok/sec: 222,222 | mfu: 0.00 | epoch: 1 | total time: 18.32m
step 00942 (65.70%) | loss: 1.968208 | lrm: 0.69 | dt: 1184.91ms | tok/sec: 221,235 | mfu: 0.00 | epoch: 1 | total time: 18.34m
step 00943 (65.77%) | loss: 1.940143 | lrm: 0.68 | dt: 1183.41ms | tok/sec: 221,515 | mfu: 0.00 | epoch: 1 | total time: 18.36m
step 00944 (65.84%) | loss: 1.925728 | lrm: 0.68 | dt: 1182.81ms | tok/sec: 221,627 | mfu: 0.00 | epoch: 1 | total time: 18.38m
step 00945 (65.91%) | loss: 1.945542 | lrm: 0.68 | dt: 1184.05ms | tok/sec: 221,396 | mfu: 0.00 | epoch: 1 | total time: 18.40m
step 00946 (65.98%) | loss: 1.939189 | lrm: 0.68 | dt: 1185.24ms | tok/sec: 221,174 | mfu: 0.00 | epoch: 1 | total time: 18.42m
step 00947 (66.05%) | loss: 1.931145 | lrm: 0.68 | dt: 1178.18ms | tok/sec: 222,499 | mfu: 0.00 | epoch: 1 | total time: 18.44m
step 00948 (66.12%) | loss: 1.936915 | lrm: 0.68 | dt: 1183.77ms | tok/sec: 221,448 | mfu: 0.00 | epoch: 1 | total time: 18.46m
step 00949 (66.18%) | loss: 1.941861 | lrm: 0.68 | dt: 1182.50ms | tok/sec: 221,686 | mfu: 0.00 | epoch: 1 | total time: 18.48m
step 00950 (66.25%) | loss: 1.903916 | lrm: 0.68 | dt: 1184.27ms | tok/sec: 221,354 | mfu: 0.00 | epoch: 1 | total time: 18.50m
Step 00950 | Validation bpb: 0.6075
step 00951 (66.32%) | loss: 1.910815 | lrm: 0.67 | dt: 1188.69ms | tok/sec: 220,531 | mfu: 0.00 | epoch: 1 | total time: 18.52m
step 00952 (66.38%) | loss: 1.930505 | lrm: 0.67 | dt: 1177.69ms | tok/sec: 222,590 | mfu: 0.00 | epoch: 1 | total time: 18.54m
step 00953 (66.45%) | loss: 1.946442 | lrm: 0.67 | dt: 1182.75ms | tok/sec: 221,639 | mfu: 0.00 | epoch: 1 | total time: 18.56m
step 00954 (66.53%) | loss: 1.932328 | lrm: 0.67 | dt: 1180.63ms | tok/sec: 222,036 | mfu: 0.00 | epoch: 1 | total time: 18.57m
step 00955 (66.59%) | loss: 1.940604 | lrm: 0.67 | dt: 1180.11ms | tok/sec: 222,134 | mfu: 0.00 | epoch: 1 | total time: 18.59m
step 00956 (66.66%) | loss: 1.931571 | lrm: 0.67 | dt: 1179.85ms | tok/sec: 222,184 | mfu: 0.00 | epoch: 1 | total time: 18.61m
step 00957 (66.73%) | loss: 1.951473 | lrm: 0.67 | dt: 1181.39ms | tok/sec: 221,895 | mfu: 0.00 | epoch: 1 | total time: 18.63m
step 00958 (66.80%) | loss: 1.955122 | lrm: 0.66 | dt: 1183.96ms | tok/sec: 221,413 | mfu: 0.00 | epoch: 1 | total time: 18.65m
step 00959 (66.87%) | loss: 1.952721 | lrm: 0.66 | dt: 1178.08ms | tok/sec: 222,518 | mfu: 0.00 | epoch: 1 | total time: 18.67m
step 00960 (66.94%) | loss: 1.930517 | lrm: 0.66 | dt: 1186.33ms | tok/sec: 220,969 | mfu: 0.00 | epoch: 1 | total time: 18.69m
step 00961 (67.00%) | loss: 1.922397 | lrm: 0.66 | dt: 1184.32ms | tok/sec: 221,345 | mfu: 0.00 | epoch: 1 | total time: 18.71m
step 00962 (67.06%) | loss: 1.938371 | lrm: 0.66 | dt: 1183.88ms | tok/sec: 221,427 | mfu: 0.00 | epoch: 1 | total time: 18.73m
step 00963 (67.13%) | loss: 1.930174 | lrm: 0.66 | dt: 1178.59ms | tok/sec: 222,421 | mfu: 0.00 | epoch: 1 | total time: 18.75m
step 00964 (67.20%) | loss: 1.919820 | lrm: 0.66 | dt: 1184.66ms | tok/sec: 221,282 | mfu: 0.00 | epoch: 1 | total time: 18.77m
step 00965 (67.27%) | loss: 1.896783 | lrm: 0.65 | dt: 1182.47ms | tok/sec: 221,692 | mfu: 0.00 | epoch: 1 | total time: 18.79m
step 00966 (67.34%) | loss: 1.873774 | lrm: 0.65 | dt: 1179.47ms | tok/sec: 222,255 | mfu: 0.00 | epoch: 1 | total time: 18.81m
step 00967 (67.41%) | loss: 1.883843 | lrm: 0.65 | dt: 1183.49ms | tok/sec: 221,500 | mfu: 0.00 | epoch: 1 | total time: 18.83m
step 00968 (67.48%) | loss: 1.866530 | lrm: 0.65 | dt: 1182.05ms | tok/sec: 221,770 | mfu: 0.00 | epoch: 1 | total time: 18.85m
step 00969 (67.55%) | loss: 1.891095 | lrm: 0.65 | dt: 1182.24ms | tok/sec: 221,735 | mfu: 0.00 | epoch: 1 | total time: 18.87m
step 00970 (67.62%) | loss: 1.883985 | lrm: 0.65 | dt: 1183.93ms | tok/sec: 221,417 | mfu: 0.00 | epoch: 1 | total time: 18.89m
step 00971 (67.69%) | loss: 1.877353 | lrm: 0.65 | dt: 1179.56ms | tok/sec: 222,238 | mfu: 0.00 | epoch: 1 | total time: 18.91m
step 00972 (67.77%) | loss: 1.888221 | lrm: 0.64 | dt: 1187.02ms | tok/sec: 220,842 | mfu: 0.00 | epoch: 1 | total time: 18.93m
step 00973 (67.84%) | loss: 1.883290 | lrm: 0.64 | dt: 1182.51ms | tok/sec: 221,685 | mfu: 0.00 | epoch: 1 | total time: 18.95m
step 00974 (67.91%) | loss: 1.882128 | lrm: 0.64 | dt: 1185.67ms | tok/sec: 221,094 | mfu: 0.00 | epoch: 1 | total time: 18.97m
step 00975 (67.97%) | loss: 1.891981 | lrm: 0.64 | dt: 1177.36ms | tok/sec: 222,653 | mfu: 0.00 | epoch: 1 | total time: 18.99m
step 00976 (68.04%) | loss: 1.891679 | lrm: 0.64 | dt: 1184.23ms | tok/sec: 221,362 | mfu: 0.00 | epoch: 1 | total time: 19.01m
step 00977 (68.11%) | loss: 1.897615 | lrm: 0.64 | dt: 1183.08ms | tok/sec: 221,576 | mfu: 0.00 | epoch: 1 | total time: 19.03m
step 00978 (68.18%) | loss: 1.908656 | lrm: 0.64 | dt: 1180.51ms | tok/sec: 222,060 | mfu: 0.00 | epoch: 1 | total time: 19.05m
step 00979 (68.25%) | loss: 1.903253 | lrm: 0.64 | dt: 1180.98ms | tok/sec: 221,971 | mfu: 0.00 | epoch: 1 | total time: 19.07m
step 00980 (68.32%) | loss: 1.935679 | lrm: 0.63 | dt: 1181.31ms | tok/sec: 221,909 | mfu: 0.00 | epoch: 1 | total time: 19.09m
step 00981 (68.40%) | loss: 1.952623 | lrm: 0.63 | dt: 1184.79ms | tok/sec: 221,258 | mfu: 0.00 | epoch: 1 | total time: 19.11m
step 00982 (68.47%) | loss: 1.930125 | lrm: 0.63 | dt: 1175.72ms | tok/sec: 222,963 | mfu: 0.00 | epoch: 1 | total time: 19.13m
step 00983 (68.54%) | loss: 1.927895 | lrm: 0.63 | dt: 1183.82ms | tok/sec: 221,439 | mfu: 0.00 | epoch: 1 | total time: 19.15m
step 00984 (68.61%) | loss: 1.917410 | lrm: 0.63 | dt: 1179.32ms | tok/sec: 222,283 | mfu: 0.00 | epoch: 1 | total time: 19.17m
step 00985 (68.68%) | loss: 1.923375 | lrm: 0.63 | dt: 1185.58ms | tok/sec: 221,109 | mfu: 0.00 | epoch: 1 | total time: 19.19m
step 00986 (68.75%) | loss: 1.934695 | lrm: 0.62 | dt: 1177.01ms | tok/sec: 222,720 | mfu: 0.00 | epoch: 1 | total time: 19.21m
step 00987 (68.83%) | loss: 1.897871 | lrm: 0.62 | dt: 1183.49ms | tok/sec: 221,500 | mfu: 0.00 | epoch: 1 | total time: 19.22m
step 00988 (68.91%) | loss: 1.875617 | lrm: 0.62 | dt: 1178.47ms | tok/sec: 222,444 | mfu: 0.00 | epoch: 1 | total time: 19.24m
step 00989 (68.98%) | loss: 1.859730 | lrm: 0.62 | dt: 1182.59ms | tok/sec: 221,669 | mfu: 0.00 | epoch: 1 | total time: 19.26m
step 00990 (69.04%) | loss: 1.878839 | lrm: 0.62 | dt: 1187.29ms | tok/sec: 220,792 | mfu: 0.00 | epoch: 1 | total time: 19.28m
step 00991 (69.11%) | loss: 1.895702 | lrm: 0.62 | dt: 1181.69ms | tok/sec: 221,838 | mfu: 0.00 | epoch: 1 | total time: 19.30m
step 00992 (69.18%) | loss: 1.884563 | lrm: 0.62 | dt: 1180.85ms | tok/sec: 221,996 | mfu: 0.00 | epoch: 1 | total time: 19.32m
step 00993 (69.25%) | loss: 1.897367 | lrm: 0.61 | dt: 1183.74ms | tok/sec: 221,453 | mfu: 0.00 | epoch: 1 | total time: 19.34m
step 00994 (69.33%) | loss: 1.886455 | lrm: 0.61 | dt: 1180.54ms | tok/sec: 222,055 | mfu: 0.00 | epoch: 1 | total time: 19.36m
step 00995 (69.40%) | loss: 1.902533 | lrm: 0.61 | dt: 1182.68ms | tok/sec: 221,652 | mfu: 0.00 | epoch: 1 | total time: 19.38m
step 00996 (69.47%) | loss: 1.901023 | lrm: 0.61 | dt: 1177.90ms | tok/sec: 222,551 | mfu: 0.00 | epoch: 1 | total time: 19.40m
step 00997 (69.53%) | loss: 1.904742 | lrm: 0.61 | dt: 1181.76ms | tok/sec: 221,824 | mfu: 0.00 | epoch: 1 | total time: 19.42m
step 00998 (69.60%) | loss: 1.922245 | lrm: 0.61 | dt: 1182.54ms | tok/sec: 221,679 | mfu: 0.00 | epoch: 1 | total time: 19.44m
step 00999 (69.68%) | loss: 1.932236 | lrm: 0.61 | dt: 1180.34ms | tok/sec: 222,092 | mfu: 0.00 | epoch: 1 | total time: 19.46m
step 01000 (69.75%) | loss: 1.951493 | lrm: 0.61 | dt: 1180.98ms | tok/sec: 221,972 | mfu: 0.00 | epoch: 1 | total time: 19.48m
Step 01000 | Validation bpb: 0.6021
step 01001 (69.83%) | loss: 1.954448 | lrm: 0.60 | dt: 1187.87ms | tok/sec: 220,684 | mfu: 0.00 | epoch: 1 | total time: 19.50m
step 01002 (69.89%) | loss: 1.993065 | lrm: 0.60 | dt: 1179.84ms | tok/sec: 222,185 | mfu: 0.00 | epoch: 1 | total time: 19.52m
step 01003 (69.96%) | loss: 1.976959 | lrm: 0.60 | dt: 1184.09ms | tok/sec: 221,388 | mfu: 0.00 | epoch: 1 | total time: 19.54m
step 01004 (70.02%) | loss: 1.952490 | lrm: 0.60 | dt: 1178.29ms | tok/sec: 222,477 | mfu: 0.00 | epoch: 1 | total time: 19.56m
step 01005 (70.09%) | loss: 1.963601 | lrm: 0.60 | dt: 1185.34ms | tok/sec: 221,154 | mfu: 0.00 | epoch: 1 | total time: 19.58m
step 01006 (70.16%) | loss: 1.975587 | lrm: 0.60 | dt: 1179.98ms | tok/sec: 222,160 | mfu: 0.00 | epoch: 1 | total time: 19.60m
step 01007 (70.23%) | loss: 1.964627 | lrm: 0.60 | dt: 1182.23ms | tok/sec: 221,736 | mfu: 0.00 | epoch: 1 | total time: 19.62m
step 01008 (70.29%) | loss: 1.969715 | lrm: 0.59 | dt: 1177.15ms | tok/sec: 222,693 | mfu: 0.00 | epoch: 1 | total time: 19.64m
step 01009 (70.36%) | loss: 1.947987 | lrm: 0.59 | dt: 1182.73ms | tok/sec: 221,642 | mfu: 0.00 | epoch: 1 | total time: 19.66m
step 01010 (70.43%) | loss: 1.968552 | lrm: 0.59 | dt: 1183.73ms | tok/sec: 221,456 | mfu: 0.00 | epoch: 1 | total time: 19.68m
step 01011 (70.49%) | loss: 1.951836 | lrm: 0.59 | dt: 1176.28ms | tok/sec: 222,858 | mfu: 0.00 | epoch: 1 | total time: 19.70m
step 01012 (70.56%) | loss: 1.946754 | lrm: 0.59 | dt: 1181.31ms | tok/sec: 221,909 | mfu: 0.00 | epoch: 1 | total time: 19.72m
step 01013 (70.63%) | loss: 1.953713 | lrm: 0.59 | dt: 1182.87ms | tok/sec: 221,616 | mfu: 0.00 | epoch: 1 | total time: 19.74m
step 01014 (70.71%) | loss: 1.946522 | lrm: 0.59 | dt: 1183.69ms | tok/sec: 221,463 | mfu: 0.00 | epoch: 1 | total time: 19.76m
step 01015 (70.77%) | loss: 1.950155 | lrm: 0.58 | dt: 1180.03ms | tok/sec: 222,150 | mfu: 0.00 | epoch: 1 | total time: 19.78m
step 01016 (70.84%) | loss: 1.955097 | lrm: 0.58 | dt: 1184.37ms | tok/sec: 221,336 | mfu: 0.00 | epoch: 1 | total time: 19.80m
step 01017 (70.91%) | loss: 1.951308 | lrm: 0.58 | dt: 1183.10ms | tok/sec: 221,574 | mfu: 0.00 | epoch: 1 | total time: 19.82m
step 01018 (70.97%) | loss: 1.945156 | lrm: 0.58 | dt: 1182.84ms | tok/sec: 221,622 | mfu: 0.00 | epoch: 1 | total time: 19.84m
step 01019 (71.03%) | loss: 1.949542 | lrm: 0.58 | dt: 1180.95ms | tok/sec: 221,977 | mfu: 0.00 | epoch: 1 | total time: 19.86m
step 01020 (71.11%) | loss: 1.951469 | lrm: 0.58 | dt: 1180.86ms | tok/sec: 221,994 | mfu: 0.00 | epoch: 1 | total time: 19.87m
step 01021 (71.17%) | loss: 1.938276 | lrm: 0.58 | dt: 1185.02ms | tok/sec: 221,215 | mfu: 0.00 | epoch: 1 | total time: 19.89m
step 01022 (71.24%) | loss: 1.921829 | lrm: 0.58 | dt: 1179.36ms | tok/sec: 222,276 | mfu: 0.00 | epoch: 1 | total time: 19.91m
step 01023 (71.31%) | loss: 1.919614 | lrm: 0.57 | dt: 1185.25ms | tok/sec: 221,172 | mfu: 0.00 | epoch: 1 | total time: 19.93m
step 01024 (71.39%) | loss: 1.907433 | lrm: 0.57 | dt: 1183.12ms | tok/sec: 221,570 | mfu: 0.00 | epoch: 1 | total time: 19.95m
step 01025 (71.46%) | loss: 1.890981 | lrm: 0.57 | dt: 1183.97ms | tok/sec: 221,410 | mfu: 0.00 | epoch: 1 | total time: 19.97m
step 01026 (71.53%) | loss: 1.854354 | lrm: 0.57 | dt: 1184.75ms | tok/sec: 221,264 | mfu: 0.00 | epoch: 1 | total time: 19.99m
step 01027 (71.59%) | loss: 1.873593 | lrm: 0.57 | dt: 1180.79ms | tok/sec: 222,007 | mfu: 0.00 | epoch: 1 | total time: 20.01m
step 01028 (71.67%) | loss: 1.861796 | lrm: 0.57 | dt: 1181.26ms | tok/sec: 221,919 | mfu: 0.00 | epoch: 1 | total time: 20.03m
step 01029 (71.73%) | loss: 1.858344 | lrm: 0.57 | dt: 1181.21ms | tok/sec: 221,928 | mfu: 0.00 | epoch: 1 | total time: 20.05m
step 01030 (71.80%) | loss: 1.864564 | lrm: 0.56 | dt: 1185.10ms | tok/sec: 221,199 | mfu: 0.00 | epoch: 1 | total time: 20.07m
step 01031 (71.88%) | loss: 1.871138 | lrm: 0.56 | dt: 1179.72ms | tok/sec: 222,209 | mfu: 0.00 | epoch: 1 | total time: 20.09m
step 01032 (71.95%) | loss: 1.891733 | lrm: 0.56 | dt: 1183.66ms | tok/sec: 221,469 | mfu: 0.00 | epoch: 1 | total time: 20.11m
step 01033 (72.02%) | loss: 1.877668 | lrm: 0.56 | dt: 1181.73ms | tok/sec: 221,830 | mfu: 0.00 | epoch: 1 | total time: 20.13m
step 01034 (72.08%) | loss: 1.871471 | lrm: 0.56 | dt: 1181.01ms | tok/sec: 221,965 | mfu: 0.00 | epoch: 1 | total time: 20.15m
step 01035 (72.15%) | loss: 1.874045 | lrm: 0.56 | dt: 1181.04ms | tok/sec: 221,960 | mfu: 0.00 | epoch: 1 | total time: 20.17m
step 01036 (72.23%) | loss: 1.875188 | lrm: 0.56 | dt: 1183.67ms | tok/sec: 221,466 | mfu: 0.00 | epoch: 1 | total time: 20.19m
step 01037 (72.30%) | loss: 1.866234 | lrm: 0.55 | dt: 1181.24ms | tok/sec: 221,922 | mfu: 0.00 | epoch: 1 | total time: 20.21m
step 01038 (72.37%) | loss: 1.879085 | lrm: 0.55 | dt: 1177.53ms | tok/sec: 222,622 | mfu: 0.00 | epoch: 1 | total time: 20.23m
step 01039 (72.44%) | loss: 1.925100 | lrm: 0.55 | dt: 1181.23ms | tok/sec: 221,923 | mfu: 0.00 | epoch: 1 | total time: 20.25m
step 01040 (72.51%) | loss: 1.921512 | lrm: 0.55 | dt: 1179.22ms | tok/sec: 222,303 | mfu: 0.00 | epoch: 1 | total time: 20.27m
step 01041 (72.58%) | loss: 1.976076 | lrm: 0.55 | dt: 1185.78ms | tok/sec: 221,072 | mfu: 0.00 | epoch: 1 | total time: 20.29m
step 01042 (72.65%) | loss: 1.994303 | lrm: 0.55 | dt: 1176.27ms | tok/sec: 222,860 | mfu: 0.00 | epoch: 1 | total time: 20.31m
step 01043 (72.71%) | loss: 1.976987 | lrm: 0.55 | dt: 1186.71ms | tok/sec: 220,899 | mfu: 0.00 | epoch: 1 | total time: 20.33m
step 01044 (72.79%) | loss: 1.976944 | lrm: 0.54 | dt: 1182.95ms | tok/sec: 221,601 | mfu: 0.00 | epoch: 1 | total time: 20.35m
step 01045 (72.85%) | loss: 1.950117 | lrm: 0.54 | dt: 1181.26ms | tok/sec: 221,918 | mfu: 0.00 | epoch: 1 | total time: 20.37m
step 01046 (72.92%) | loss: 1.970990 | lrm: 0.54 | dt: 1183.32ms | tok/sec: 221,533 | mfu: 0.00 | epoch: 1 | total time: 20.39m
step 01047 (72.99%) | loss: 1.945200 | lrm: 0.54 | dt: 1182.72ms | tok/sec: 221,645 | mfu: 0.00 | epoch: 1 | total time: 20.41m
step 01048 (73.06%) | loss: 1.929246 | lrm: 0.54 | dt: 1183.02ms | tok/sec: 221,588 | mfu: 0.00 | epoch: 1 | total time: 20.43m
step 01049 (73.13%) | loss: 1.935438 | lrm: 0.54 | dt: 1183.99ms | tok/sec: 221,407 | mfu: 0.00 | epoch: 1 | total time: 20.45m
step 01050 (73.20%) | loss: 1.909428 | lrm: 0.54 | dt: 1176.71ms | tok/sec: 222,777 | mfu: 0.00 | epoch: 1 | total time: 20.47m
Step 01050 | Validation bpb: 0.5971
step 01051 (73.27%) | loss: 1.919481 | lrm: 0.53 | dt: 1188.32ms | tok/sec: 220,599 | mfu: 0.00 | epoch: 1 | total time: 20.49m
step 01052 (73.34%) | loss: 1.957279 | lrm: 0.53 | dt: 1180.05ms | tok/sec: 222,147 | mfu: 0.00 | epoch: 1 | total time: 20.51m
step 01053 (73.42%) | loss: 1.950331 | lrm: 0.53 | dt: 1181.26ms | tok/sec: 221,918 | mfu: 0.00 | epoch: 1 | total time: 20.53m
step 01054 (73.49%) | loss: 1.951829 | lrm: 0.53 | dt: 1180.21ms | tok/sec: 222,116 | mfu: 0.00 | epoch: 1 | total time: 20.54m
step 01055 (73.55%) | loss: 1.933507 | lrm: 0.53 | dt: 1180.64ms | tok/sec: 222,036 | mfu: 0.00 | epoch: 1 | total time: 20.56m
step 01056 (73.62%) | loss: 1.929993 | lrm: 0.53 | dt: 1181.33ms | tok/sec: 221,905 | mfu: 0.00 | epoch: 1 | total time: 20.58m
step 01057 (73.70%) | loss: 1.913316 | lrm: 0.53 | dt: 1181.51ms | tok/sec: 221,871 | mfu: 0.00 | epoch: 1 | total time: 20.60m
step 01058 (73.77%) | loss: 1.919127 | lrm: 0.52 | dt: 1181.93ms | tok/sec: 221,793 | mfu: 0.00 | epoch: 1 | total time: 20.62m
step 01059 (73.84%) | loss: 1.905077 | lrm: 0.52 | dt: 1179.68ms | tok/sec: 222,216 | mfu: 0.00 | epoch: 1 | total time: 20.64m
step 01060 (73.90%) | loss: 1.906139 | lrm: 0.52 | dt: 1181.85ms | tok/sec: 221,808 | mfu: 0.00 | epoch: 1 | total time: 20.66m
step 01061 (73.97%) | loss: 1.912819 | lrm: 0.52 | dt: 1177.97ms | tok/sec: 222,538 | mfu: 0.00 | epoch: 1 | total time: 20.68m
step 01062 (74.04%) | loss: 1.907654 | lrm: 0.52 | dt: 1185.70ms | tok/sec: 221,088 | mfu: 0.00 | epoch: 1 | total time: 20.70m
step 01063 (74.11%) | loss: 1.904751 | lrm: 0.52 | dt: 1178.67ms | tok/sec: 222,407 | mfu: 0.00 | epoch: 1 | total time: 20.72m
step 01064 (74.18%) | loss: 1.901934 | lrm: 0.52 | dt: 1184.25ms | tok/sec: 221,359 | mfu: 0.00 | epoch: 1 | total time: 20.74m
step 01065 (74.25%) | loss: 1.917984 | lrm: 0.52 | dt: 1183.62ms | tok/sec: 221,476 | mfu: 0.00 | epoch: 1 | total time: 20.76m
step 01066 (74.31%) | loss: 1.897428 | lrm: 0.51 | dt: 1179.13ms | tok/sec: 222,319 | mfu: 0.00 | epoch: 1 | total time: 20.78m
step 01067 (74.38%) | loss: 1.878897 | lrm: 0.51 | dt: 1189.17ms | tok/sec: 220,443 | mfu: 0.00 | epoch: 1 | total time: 20.80m
step 01068 (74.45%) | loss: 1.887867 | lrm: 0.51 | dt: 1186.31ms | tok/sec: 220,974 | mfu: 0.00 | epoch: 1 | total time: 20.82m
step 01069 (74.51%) | loss: 1.883180 | lrm: 0.51 | dt: 1184.21ms | tok/sec: 221,366 | mfu: 0.00 | epoch: 1 | total time: 20.84m
step 01070 (74.59%) | loss: 1.881986 | lrm: 0.51 | dt: 1182.13ms | tok/sec: 221,755 | mfu: 0.00 | epoch: 1 | total time: 20.86m
step 01071 (74.65%) | loss: 1.852456 | lrm: 0.51 | dt: 1181.18ms | tok/sec: 221,933 | mfu: 0.00 | epoch: 1 | total time: 20.88m
step 01072 (74.72%) | loss: 1.874896 | lrm: 0.51 | dt: 1180.62ms | tok/sec: 222,039 | mfu: 0.00 | epoch: 1 | total time: 20.90m
step 01073 (74.80%) | loss: 1.889569 | lrm: 0.50 | dt: 1180.40ms | tok/sec: 222,081 | mfu: 0.00 | epoch: 1 | total time: 20.92m
step 01074 (74.87%) | loss: 1.876620 | lrm: 0.50 | dt: 1183.45ms | tok/sec: 221,509 | mfu: 0.00 | epoch: 1 | total time: 20.94m
step 01075 (74.94%) | loss: 1.858918 | lrm: 0.50 | dt: 1185.44ms | tok/sec: 221,137 | mfu: 0.00 | epoch: 1 | total time: 20.96m
step 01076 (75.01%) | loss: 1.861126 | lrm: 0.50 | dt: 1179.58ms | tok/sec: 222,234 | mfu: 0.00 | epoch: 1 | total time: 20.98m
step 01077 (75.09%) | loss: 1.886414 | lrm: 0.50 | dt: 1184.25ms | tok/sec: 221,358 | mfu: 0.00 | epoch: 1 | total time: 21.00m
step 01078 (75.16%) | loss: 1.872628 | lrm: 0.50 | dt: 1181.78ms | tok/sec: 221,820 | mfu: 0.00 | epoch: 1 | total time: 21.02m
step 01079 (75.24%) | loss: 1.877901 | lrm: 0.50 | dt: 1182.98ms | tok/sec: 221,596 | mfu: 0.00 | epoch: 1 | total time: 21.04m
step 01080 (75.30%) | loss: 1.868984 | lrm: 0.49 | dt: 1182.57ms | tok/sec: 221,673 | mfu: 0.00 | epoch: 1 | total time: 21.06m
step 01081 (75.37%) | loss: 1.877158 | lrm: 0.49 | dt: 1182.07ms | tok/sec: 221,766 | mfu: 0.00 | epoch: 1 | total time: 21.08m
step 01082 (75.44%) | loss: 1.838059 | lrm: 0.49 | dt: 1183.79ms | tok/sec: 221,445 | mfu: 0.00 | epoch: 1 | total time: 21.10m
step 01083 (75.51%) | loss: 1.830391 | lrm: 0.49 | dt: 1178.58ms | tok/sec: 222,423 | mfu: 0.00 | epoch: 1 | total time: 21.12m
step 01084 (75.58%) | loss: 1.852157 | lrm: 0.49 | dt: 1184.24ms | tok/sec: 221,361 | mfu: 0.00 | epoch: 1 | total time: 21.14m
step 01085 (75.66%) | loss: 1.874019 | lrm: 0.49 | dt: 1177.91ms | tok/sec: 222,549 | mfu: 0.00 | epoch: 1 | total time: 21.16m
step 01086 (75.72%) | loss: 1.895597 | lrm: 0.49 | dt: 1186.41ms | tok/sec: 220,955 | mfu: 0.00 | epoch: 1 | total time: 21.18m
step 01087 (75.78%) | loss: 1.846027 | lrm: 0.48 | dt: 1178.16ms | tok/sec: 222,502 | mfu: 0.00 | epoch: 1 | total time: 21.20m
step 01088 (75.87%) | loss: 1.858854 | lrm: 0.48 | dt: 1185.49ms | tok/sec: 221,127 | mfu: 0.00 | epoch: 1 | total time: 21.21m
step 01089 (75.94%) | loss: 1.864243 | lrm: 0.48 | dt: 1181.67ms | tok/sec: 221,842 | mfu: 0.00 | epoch: 1 | total time: 21.23m
step 01090 (76.01%) | loss: 1.863594 | lrm: 0.48 | dt: 1179.49ms | tok/sec: 222,251 | mfu: 0.00 | epoch: 1 | total time: 21.25m
step 01091 (76.08%) | loss: 1.875687 | lrm: 0.48 | dt: 1180.41ms | tok/sec: 222,079 | mfu: 0.00 | epoch: 1 | total time: 21.27m
step 01092 (76.15%) | loss: 1.858757 | lrm: 0.48 | dt: 1181.78ms | tok/sec: 221,820 | mfu: 0.00 | epoch: 1 | total time: 21.29m
step 01093 (76.23%) | loss: 1.884724 | lrm: 0.48 | dt: 1181.65ms | tok/sec: 221,844 | mfu: 0.00 | epoch: 1 | total time: 21.31m
step 01094 (76.29%) | loss: 1.905081 | lrm: 0.47 | dt: 1179.70ms | tok/sec: 222,213 | mfu: 0.00 | epoch: 1 | total time: 21.33m
step 01095 (76.35%) | loss: 1.906462 | lrm: 0.47 | dt: 1181.02ms | tok/sec: 221,963 | mfu: 0.00 | epoch: 1 | total time: 21.35m
step 01096 (76.42%) | loss: 1.897264 | lrm: 0.47 | dt: 1181.27ms | tok/sec: 221,917 | mfu: 0.00 | epoch: 1 | total time: 21.37m
step 01097 (76.50%) | loss: 1.878537 | lrm: 0.47 | dt: 1180.37ms | tok/sec: 222,085 | mfu: 0.00 | epoch: 1 | total time: 21.39m
step 01098 (76.57%) | loss: 1.893756 | lrm: 0.47 | dt: 1177.58ms | tok/sec: 222,611 | mfu: 0.00 | epoch: 1 | total time: 21.41m
step 01099 (76.64%) | loss: 1.894666 | lrm: 0.47 | dt: 1185.47ms | tok/sec: 221,131 | mfu: 0.00 | epoch: 1 | total time: 21.43m
step 01100 (76.71%) | loss: 1.887383 | lrm: 0.47 | dt: 1185.18ms | tok/sec: 221,184 | mfu: 0.00 | epoch: 1 | total time: 21.45m
Step 01100 | Validation bpb: 0.5927
step 01101 (76.77%) | loss: 1.882975 | lrm: 0.46 | dt: 1188.28ms | tok/sec: 220,607 | mfu: 0.00 | epoch: 1 | total time: 21.47m
step 01102 (76.84%) | loss: 1.882700 | lrm: 0.46 | dt: 1181.28ms | tok/sec: 221,915 | mfu: 0.00 | epoch: 1 | total time: 21.49m
step 01103 (76.90%) | loss: 1.857028 | lrm: 0.46 | dt: 1182.38ms | tok/sec: 221,708 | mfu: 0.00 | epoch: 1 | total time: 21.51m
step 01104 (76.97%) | loss: 1.869695 | lrm: 0.46 | dt: 1177.48ms | tok/sec: 222,632 | mfu: 0.00 | epoch: 1 | total time: 21.53m
step 01105 (77.04%) | loss: 1.877009 | lrm: 0.46 | dt: 1187.07ms | tok/sec: 220,833 | mfu: 0.00 | epoch: 1 | total time: 21.55m
step 01106 (77.11%) | loss: 1.862874 | lrm: 0.46 | dt: 1181.57ms | tok/sec: 221,860 | mfu: 0.00 | epoch: 1 | total time: 21.57m
step 01107 (77.18%) | loss: 1.852247 | lrm: 0.46 | dt: 1178.84ms | tok/sec: 222,374 | mfu: 0.00 | epoch: 1 | total time: 21.59m
step 01108 (77.25%) | loss: 1.844239 | lrm: 0.46 | dt: 1183.23ms | tok/sec: 221,548 | mfu: 0.00 | epoch: 1 | total time: 21.61m
step 01109 (77.32%) | loss: 1.835199 | lrm: 0.45 | dt: 1182.23ms | tok/sec: 221,736 | mfu: 0.00 | epoch: 1 | total time: 21.63m
step 01110 (77.39%) | loss: 1.858014 | lrm: 0.45 | dt: 1181.35ms | tok/sec: 221,902 | mfu: 0.00 | epoch: 1 | total time: 21.65m
step 01111 (77.45%) | loss: 1.876989 | lrm: 0.45 | dt: 1181.40ms | tok/sec: 221,892 | mfu: 0.00 | epoch: 1 | total time: 21.67m
step 01112 (77.52%) | loss: 1.872465 | lrm: 0.45 | dt: 1181.41ms | tok/sec: 221,891 | mfu: 0.00 | epoch: 1 | total time: 21.69m
step 01113 (77.58%) | loss: 1.863459 | lrm: 0.45 | dt: 1183.03ms | tok/sec: 221,586 | mfu: 0.00 | epoch: 1 | total time: 21.71m
step 01114 (77.66%) | loss: 1.851479 | lrm: 0.45 | dt: 1181.47ms | tok/sec: 221,878 | mfu: 0.00 | epoch: 1 | total time: 21.73m
step 01115 (77.73%) | loss: 1.872964 | lrm: 0.45 | dt: 1180.27ms | tok/sec: 222,106 | mfu: 0.00 | epoch: 1 | total time: 21.75m
step 01116 (77.81%) | loss: 1.867731 | lrm: 0.44 | dt: 1183.55ms | tok/sec: 221,490 | mfu: 0.00 | epoch: 1 | total time: 21.77m
step 01117 (77.88%) | loss: 1.873100 | lrm: 0.44 | dt: 1178.81ms | tok/sec: 222,379 | mfu: 0.00 | epoch: 1 | total time: 21.79m
step 01118 (77.94%) | loss: 1.898198 | lrm: 0.44 | dt: 1183.94ms | tok/sec: 221,416 | mfu: 0.00 | epoch: 1 | total time: 21.81m
step 01119 (78.01%) | loss: 1.898197 | lrm: 0.44 | dt: 1181.27ms | tok/sec: 221,917 | mfu: 0.00 | epoch: 1 | total time: 21.83m
step 01120 (78.08%) | loss: 1.913099 | lrm: 0.44 | dt: 1177.33ms | tok/sec: 222,660 | mfu: 0.00 | epoch: 1 | total time: 21.84m
step 01121 (78.14%) | loss: 1.935874 | lrm: 0.44 | dt: 1181.87ms | tok/sec: 221,805 | mfu: 0.00 | epoch: 1 | total time: 21.86m
step 01122 (78.21%) | loss: 1.928201 | lrm: 0.44 | dt: 1178.41ms | tok/sec: 222,455 | mfu: 0.00 | epoch: 1 | total time: 21.88m
step 01123 (78.28%) | loss: 1.909167 | lrm: 0.43 | dt: 1189.65ms | tok/sec: 220,353 | mfu: 0.00 | epoch: 1 | total time: 21.90m
step 01124 (78.34%) | loss: 1.873010 | lrm: 0.43 | dt: 1186.53ms | tok/sec: 220,932 | mfu: 0.00 | epoch: 1 | total time: 21.92m
step 01125 (78.41%) | loss: 1.853204 | lrm: 0.43 | dt: 1180.92ms | tok/sec: 221,982 | mfu: 0.00 | epoch: 1 | total time: 21.94m
step 01126 (78.47%) | loss: 1.832666 | lrm: 0.43 | dt: 1182.47ms | tok/sec: 221,691 | mfu: 0.00 | epoch: 1 | total time: 21.96m
step 01127 (78.54%) | loss: 1.823650 | lrm: 0.43 | dt: 1181.23ms | tok/sec: 221,925 | mfu: 0.00 | epoch: 1 | total time: 21.98m
step 01128 (78.62%) | loss: 1.812011 | lrm: 0.43 | dt: 1182.68ms | tok/sec: 221,651 | mfu: 0.00 | epoch: 1 | total time: 22.00m
step 01129 (78.68%) | loss: 1.822294 | lrm: 0.43 | dt: 1181.29ms | tok/sec: 221,913 | mfu: 0.00 | epoch: 1 | total time: 22.02m
step 01130 (78.75%) | loss: 1.809387 | lrm: 0.43 | dt: 1184.09ms | tok/sec: 221,389 | mfu: 0.00 | epoch: 1 | total time: 22.04m
step 01131 (78.81%) | loss: 1.807222 | lrm: 0.42 | dt: 1179.27ms | tok/sec: 222,293 | mfu: 0.00 | epoch: 1 | total time: 22.06m
step 01132 (78.88%) | loss: 1.820551 | lrm: 0.42 | dt: 1179.08ms | tok/sec: 222,329 | mfu: 0.00 | epoch: 1 | total time: 22.08m
step 01133 (78.96%) | loss: 1.821153 | lrm: 0.42 | dt: 1182.46ms | tok/sec: 221,693 | mfu: 0.00 | epoch: 1 | total time: 22.10m
step 01134 (79.03%) | loss: 1.828660 | lrm: 0.42 | dt: 1179.88ms | tok/sec: 222,179 | mfu: 0.00 | epoch: 1 | total time: 22.12m
step 01135 (79.10%) | loss: 1.805281 | lrm: 0.42 | dt: 1184.24ms | tok/sec: 221,360 | mfu: 0.00 | epoch: 1 | total time: 22.14m
step 01136 (79.17%) | loss: 1.831464 | lrm: 0.42 | dt: 1184.93ms | tok/sec: 221,231 | mfu: 0.00 | epoch: 1 | total time: 22.16m
step 01137 (79.24%) | loss: 1.831370 | lrm: 0.42 | dt: 1185.39ms | tok/sec: 221,145 | mfu: 0.00 | epoch: 1 | total time: 22.18m
step 01138 (79.30%) | loss: 1.819321 | lrm: 0.41 | dt: 1185.69ms | tok/sec: 221,089 | mfu: 0.00 | epoch: 1 | total time: 22.20m
step 01139 (79.37%) | loss: 1.814129 | lrm: 0.41 | dt: 1183.47ms | tok/sec: 221,505 | mfu: 0.00 | epoch: 1 | total time: 22.22m
step 01140 (79.44%) | loss: 1.843643 | lrm: 0.41 | dt: 1181.97ms | tok/sec: 221,785 | mfu: 0.00 | epoch: 1 | total time: 22.24m
step 01141 (79.51%) | loss: 1.812739 | lrm: 0.41 | dt: 1183.32ms | tok/sec: 221,532 | mfu: 0.00 | epoch: 1 | total time: 22.26m
step 01142 (79.58%) | loss: 1.787841 | lrm: 0.41 | dt: 1181.34ms | tok/sec: 221,903 | mfu: 0.00 | epoch: 1 | total time: 22.28m
step 01143 (79.65%) | loss: 1.820515 | lrm: 0.41 | dt: 1178.88ms | tok/sec: 222,367 | mfu: 0.00 | epoch: 1 | total time: 22.30m
step 01144 (79.71%) | loss: 1.856276 | lrm: 0.41 | dt: 1184.20ms | tok/sec: 221,368 | mfu: 0.00 | epoch: 1 | total time: 22.32m
step 01145 (79.78%) | loss: 1.844688 | lrm: 0.40 | dt: 1181.30ms | tok/sec: 221,910 | mfu: 0.00 | epoch: 1 | total time: 22.34m
step 01146 (79.86%) | loss: 1.849647 | lrm: 0.40 | dt: 1179.62ms | tok/sec: 222,226 | mfu: 0.00 | epoch: 1 | total time: 22.36m
step 01147 (79.93%) | loss: 1.858984 | lrm: 0.40 | dt: 1181.39ms | tok/sec: 221,893 | mfu: 0.00 | epoch: 1 | total time: 22.38m
step 01148 (80.01%) | loss: 1.819302 | lrm: 0.40 | dt: 1183.58ms | tok/sec: 221,483 | mfu: 0.00 | epoch: 1 | total time: 22.40m
step 01149 (80.08%) | loss: 1.840725 | lrm: 0.40 | dt: 1180.33ms | tok/sec: 222,094 | mfu: 0.00 | epoch: 1 | total time: 22.42m
step 01150 (80.15%) | loss: 1.832637 | lrm: 0.40 | dt: 1182.48ms | tok/sec: 221,689 | mfu: 0.00 | epoch: 1 | total time: 22.44m
Step 01150 | Validation bpb: 0.5878
step 01151 (80.22%) | loss: 1.826607 | lrm: 0.40 | dt: 1189.16ms | tok/sec: 220,445 | mfu: 0.00 | epoch: 1 | total time: 22.46m
step 01152 (80.29%) | loss: 1.824948 | lrm: 0.39 | dt: 1181.52ms | tok/sec: 221,869 | mfu: 0.00 | epoch: 1 | total time: 22.48m
step 01153 (80.36%) | loss: 1.810674 | lrm: 0.39 | dt: 1179.42ms | tok/sec: 222,264 | mfu: 0.00 | epoch: 1 | total time: 22.50m
step 01154 (80.42%) | loss: 1.830533 | lrm: 0.39 | dt: 1182.11ms | tok/sec: 221,759 | mfu: 0.00 | epoch: 1 | total time: 22.52m
step 01155 (80.49%) | loss: 1.850369 | lrm: 0.39 | dt: 1182.50ms | tok/sec: 221,686 | mfu: 0.00 | epoch: 1 | total time: 22.53m
step 01156 (80.55%) | loss: 1.835516 | lrm: 0.39 | dt: 1182.59ms | tok/sec: 221,669 | mfu: 0.00 | epoch: 1 | total time: 22.55m
step 01157 (80.63%) | loss: 1.820667 | lrm: 0.39 | dt: 1185.80ms | tok/sec: 221,069 | mfu: 0.00 | epoch: 1 | total time: 22.57m
step 01158 (80.70%) | loss: 1.816075 | lrm: 0.39 | dt: 1186.00ms | tok/sec: 221,032 | mfu: 0.00 | epoch: 1 | total time: 22.59m
step 01159 (80.77%) | loss: 1.820705 | lrm: 0.38 | dt: 1180.15ms | tok/sec: 222,128 | mfu: 0.00 | epoch: 1 | total time: 22.61m
step 01160 (80.83%) | loss: 1.805446 | lrm: 0.38 | dt: 1185.31ms | tok/sec: 221,161 | mfu: 0.00 | epoch: 1 | total time: 22.63m
step 01161 (80.90%) | loss: 1.806422 | lrm: 0.38 | dt: 1184.78ms | tok/sec: 221,260 | mfu: 0.00 | epoch: 1 | total time: 22.65m
step 01162 (80.98%) | loss: 1.797703 | lrm: 0.38 | dt: 1182.02ms | tok/sec: 221,776 | mfu: 0.00 | epoch: 1 | total time: 22.67m
step 01163 (81.05%) | loss: 1.780203 | lrm: 0.38 | dt: 1181.47ms | tok/sec: 221,879 | mfu: 0.00 | epoch: 1 | total time: 22.69m
step 01164 (81.11%) | loss: 1.809912 | lrm: 0.38 | dt: 1182.54ms | tok/sec: 221,678 | mfu: 0.00 | epoch: 1 | total time: 22.71m
step 01165 (81.18%) | loss: 1.807562 | lrm: 0.38 | dt: 1185.01ms | tok/sec: 221,217 | mfu: 0.00 | epoch: 1 | total time: 22.73m
step 01166 (81.25%) | loss: 1.831060 | lrm: 0.38 | dt: 1180.82ms | tok/sec: 222,002 | mfu: 0.00 | epoch: 1 | total time: 22.75m
step 01167 (81.31%) | loss: 1.837564 | lrm: 0.37 | dt: 1186.80ms | tok/sec: 220,883 | mfu: 0.00 | epoch: 1 | total time: 22.77m
step 01168 (81.38%) | loss: 1.830885 | lrm: 0.37 | dt: 1184.61ms | tok/sec: 221,291 | mfu: 0.00 | epoch: 1 | total time: 22.79m
step 01169 (81.45%) | loss: 1.813497 | lrm: 0.37 | dt: 1181.28ms | tok/sec: 221,915 | mfu: 0.00 | epoch: 1 | total time: 22.81m
step 01170 (81.53%) | loss: 1.829078 | lrm: 0.37 | dt: 1184.69ms | tok/sec: 221,277 | mfu: 0.00 | epoch: 1 | total time: 22.83m
step 01171 (81.59%) | loss: 1.839036 | lrm: 0.37 | dt: 1177.96ms | tok/sec: 222,539 | mfu: 0.00 | epoch: 1 | total time: 22.85m
step 01172 (81.66%) | loss: 1.858941 | lrm: 0.37 | dt: 1183.66ms | tok/sec: 221,469 | mfu: 0.00 | epoch: 1 | total time: 22.87m
step 01173 (81.73%) | loss: 1.879066 | lrm: 0.37 | dt: 1180.79ms | tok/sec: 222,007 | mfu: 0.00 | epoch: 1 | total time: 22.89m
step 01174 (81.80%) | loss: 1.896875 | lrm: 0.36 | dt: 1183.17ms | tok/sec: 221,560 | mfu: 0.00 | epoch: 1 | total time: 22.91m
step 01175 (81.88%) | loss: 1.897766 | lrm: 0.36 | dt: 1181.14ms | tok/sec: 221,941 | mfu: 0.00 | epoch: 1 | total time: 22.93m
step 01176 (81.94%) | loss: 1.912366 | lrm: 0.36 | dt: 1183.55ms | tok/sec: 221,490 | mfu: 0.00 | epoch: 1 | total time: 22.95m
step 01177 (82.01%) | loss: 1.919500 | lrm: 0.36 | dt: 1186.66ms | tok/sec: 220,909 | mfu: 0.00 | epoch: 1 | total time: 22.97m
step 01178 (82.07%) | loss: 1.908945 | lrm: 0.36 | dt: 1178.64ms | tok/sec: 222,412 | mfu: 0.00 | epoch: 1 | total time: 22.99m
step 01179 (82.15%) | loss: 1.882563 | lrm: 0.36 | dt: 1185.73ms | tok/sec: 221,081 | mfu: 0.00 | epoch: 1 | total time: 23.01m
step 01180 (82.21%) | loss: 1.861602 | lrm: 0.36 | dt: 1182.46ms | tok/sec: 221,692 | mfu: 0.00 | epoch: 1 | total time: 23.03m
step 01181 (82.28%) | loss: 1.876003 | lrm: 0.35 | dt: 1186.08ms | tok/sec: 221,017 | mfu: 0.00 | epoch: 1 | total time: 23.05m
step 01182 (82.35%) | loss: 1.857715 | lrm: 0.35 | dt: 1178.99ms | tok/sec: 222,347 | mfu: 0.00 | epoch: 1 | total time: 23.07m
step 01183 (82.42%) | loss: 1.867403 | lrm: 0.35 | dt: 1182.08ms | tok/sec: 221,765 | mfu: 0.00 | epoch: 1 | total time: 23.09m
step 01184 (82.49%) | loss: 1.897254 | lrm: 0.35 | dt: 1186.81ms | tok/sec: 220,880 | mfu: 0.00 | epoch: 1 | total time: 23.11m
step 01185 (82.56%) | loss: 1.858916 | lrm: 0.35 | dt: 1180.57ms | tok/sec: 222,049 | mfu: 0.00 | epoch: 1 | total time: 23.13m
step 01186 (82.62%) | loss: 1.847026 | lrm: 0.35 | dt: 1185.09ms | tok/sec: 221,201 | mfu: 0.00 | epoch: 1 | total time: 23.15m
step 01187 (82.69%) | loss: 1.866337 | lrm: 0.35 | dt: 1181.68ms | tok/sec: 221,840 | mfu: 0.00 | epoch: 1 | total time: 23.17m
step 01188 (82.75%) | loss: 1.869527 | lrm: 0.34 | dt: 1181.32ms | tok/sec: 221,908 | mfu: 0.00 | epoch: 1 | total time: 23.19m
step 01189 (82.83%) | loss: 1.839091 | lrm: 0.34 | dt: 1185.49ms | tok/sec: 221,126 | mfu: 0.00 | epoch: 1 | total time: 23.21m
step 01190 (82.90%) | loss: 1.837472 | lrm: 0.34 | dt: 1180.98ms | tok/sec: 221,971 | mfu: 0.00 | epoch: 1 | total time: 23.22m
step 01191 (82.97%) | loss: 1.835082 | lrm: 0.34 | dt: 1185.97ms | tok/sec: 221,038 | mfu: 0.00 | epoch: 1 | total time: 23.24m
step 01192 (83.03%) | loss: 1.837909 | lrm: 0.34 | dt: 1182.85ms | tok/sec: 221,621 | mfu: 0.00 | epoch: 1 | total time: 23.26m
step 01193 (83.11%) | loss: 1.821413 | lrm: 0.34 | dt: 1181.04ms | tok/sec: 221,960 | mfu: 0.00 | epoch: 1 | total time: 23.28m
step 01194 (83.18%) | loss: 1.831762 | lrm: 0.34 | dt: 1182.57ms | tok/sec: 221,673 | mfu: 0.00 | epoch: 1 | total time: 23.30m
step 01195 (83.26%) | loss: 1.854846 | lrm: 0.33 | dt: 1184.49ms | tok/sec: 221,313 | mfu: 0.00 | epoch: 1 | total time: 23.32m
step 01196 (83.34%) | loss: 1.857507 | lrm: 0.33 | dt: 1183.21ms | tok/sec: 221,553 | mfu: 0.00 | epoch: 1 | total time: 23.34m
step 01197 (83.41%) | loss: 1.887727 | lrm: 0.33 | dt: 1182.47ms | tok/sec: 221,691 | mfu: 0.00 | epoch: 1 | total time: 23.36m
step 01198 (83.48%) | loss: 1.870166 | lrm: 0.33 | dt: 1182.93ms | tok/sec: 221,605 | mfu: 0.00 | epoch: 1 | total time: 23.38m
step 01199 (83.55%) | loss: 1.888697 | lrm: 0.33 | dt: 1177.74ms | tok/sec: 222,581 | mfu: 0.00 | epoch: 1 | total time: 23.40m
step 01200 (83.63%) | loss: 1.923183 | lrm: 0.33 | dt: 1182.55ms | tok/sec: 221,676 | mfu: 0.00 | epoch: 1 | total time: 23.42m
Step 01200 | Validation bpb: 0.5831
step 01201 (83.69%) | loss: 1.940048 | lrm: 0.33 | dt: 1186.52ms | tok/sec: 220,934 | mfu: 0.00 | epoch: 1 | total time: 23.44m
step 01202 (83.76%) | loss: 1.914424 | lrm: 0.32 | dt: 1182.24ms | tok/sec: 221,735 | mfu: 0.00 | epoch: 1 | total time: 23.46m
step 01203 (83.83%) | loss: 1.883865 | lrm: 0.32 | dt: 1177.20ms | tok/sec: 222,684 | mfu: 0.00 | epoch: 1 | total time: 23.48m
step 01204 (83.90%) | loss: 1.868179 | lrm: 0.32 | dt: 1182.67ms | tok/sec: 221,654 | mfu: 0.00 | epoch: 1 | total time: 23.50m
step 01205 (83.96%) | loss: 1.876267 | lrm: 0.32 | dt: 1182.46ms | tok/sec: 221,694 | mfu: 0.00 | epoch: 1 | total time: 23.52m
step 01206 (84.03%) | loss: 1.833974 | lrm: 0.32 | dt: 1179.07ms | tok/sec: 222,330 | mfu: 0.00 | epoch: 1 | total time: 23.54m
step 01207 (84.10%) | loss: 1.848567 | lrm: 0.32 | dt: 1183.81ms | tok/sec: 221,440 | mfu: 0.00 | epoch: 1 | total time: 23.56m
step 01208 (84.18%) | loss: 1.852674 | lrm: 0.32 | dt: 1177.57ms | tok/sec: 222,614 | mfu: 0.00 | epoch: 1 | total time: 23.58m
step 01209 (84.26%) | loss: 1.843565 | lrm: 0.31 | dt: 1181.24ms | tok/sec: 221,923 | mfu: 0.00 | epoch: 1 | total time: 23.60m
step 01210 (84.33%) | loss: 1.824757 | lrm: 0.31 | dt: 1178.25ms | tok/sec: 222,485 | mfu: 0.00 | epoch: 1 | total time: 23.62m
step 01211 (84.40%) | loss: 1.839419 | lrm: 0.31 | dt: 1188.94ms | tok/sec: 220,484 | mfu: 0.00 | epoch: 1 | total time: 23.64m
step 01212 (84.47%) | loss: 1.832463 | lrm: 0.31 | dt: 1183.48ms | tok/sec: 221,502 | mfu: 0.00 | epoch: 1 | total time: 23.66m
step 01213 (84.54%) | loss: 1.832636 | lrm: 0.31 | dt: 1182.56ms | tok/sec: 221,675 | mfu: 0.00 | epoch: 1 | total time: 23.68m
step 01214 (84.61%) | loss: 1.835834 | lrm: 0.31 | dt: 1178.10ms | tok/sec: 222,514 | mfu: 0.00 | epoch: 1 | total time: 23.70m
step 01215 (84.68%) | loss: 1.838505 | lrm: 0.31 | dt: 1188.56ms | tok/sec: 220,555 | mfu: 0.00 | epoch: 1 | total time: 23.72m
step 01216 (84.74%) | loss: 1.818912 | lrm: 0.31 | dt: 1180.65ms | tok/sec: 222,034 | mfu: 0.00 | epoch: 1 | total time: 23.74m
step 01217 (84.80%) | loss: 1.820535 | lrm: 0.30 | dt: 1183.78ms | tok/sec: 221,446 | mfu: 0.00 | epoch: 1 | total time: 23.76m
step 01218 (84.87%) | loss: 1.821774 | lrm: 0.30 | dt: 1180.12ms | tok/sec: 222,132 | mfu: 0.00 | epoch: 1 | total time: 23.78m
step 01219 (84.94%) | loss: 1.785284 | lrm: 0.30 | dt: 1180.78ms | tok/sec: 222,009 | mfu: 0.00 | epoch: 1 | total time: 23.80m
step 01220 (85.01%) | loss: 1.798972 | lrm: 0.30 | dt: 1183.85ms | tok/sec: 221,432 | mfu: 0.00 | epoch: 1 | total time: 23.82m
step 01221 (85.08%) | loss: 1.820271 | lrm: 0.30 | dt: 1182.41ms | tok/sec: 221,702 | mfu: 0.00 | epoch: 1 | total time: 23.84m
step 01222 (85.16%) | loss: 1.850497 | lrm: 0.30 | dt: 1180.26ms | tok/sec: 222,106 | mfu: 0.00 | epoch: 1 | total time: 23.86m
step 01223 (85.24%) | loss: 1.870204 | lrm: 0.30 | dt: 1187.70ms | tok/sec: 220,716 | mfu: 0.00 | epoch: 1 | total time: 23.88m
step 01224 (85.30%) | loss: 1.862879 | lrm: 0.29 | dt: 1181.55ms | tok/sec: 221,863 | mfu: 0.00 | epoch: 1 | total time: 23.89m
step 01225 (85.37%) | loss: 1.906863 | lrm: 0.29 | dt: 1186.27ms | tok/sec: 220,981 | mfu: 0.00 | epoch: 1 | total time: 23.91m
step 01226 (85.44%) | loss: 1.897760 | lrm: 0.29 | dt: 1181.21ms | tok/sec: 221,929 | mfu: 0.00 | epoch: 1 | total time: 23.93m
step 01227 (85.50%) | loss: 1.914197 | lrm: 0.29 | dt: 1181.93ms | tok/sec: 221,793 | mfu: 0.00 | epoch: 1 | total time: 23.95m
step 01228 (85.57%) | loss: 1.888777 | lrm: 0.29 | dt: 1182.23ms | tok/sec: 221,737 | mfu: 0.00 | epoch: 1 | total time: 23.97m
step 01229 (85.64%) | loss: 1.879627 | lrm: 0.29 | dt: 1183.78ms | tok/sec: 221,446 | mfu: 0.00 | epoch: 1 | total time: 23.99m
step 01230 (85.71%) | loss: 1.909055 | lrm: 0.29 | dt: 1183.06ms | tok/sec: 221,581 | mfu: 0.00 | epoch: 1 | total time: 24.01m
step 01231 (85.78%) | loss: 1.940810 | lrm: 0.28 | dt: 1184.57ms | tok/sec: 221,299 | mfu: 0.00 | epoch: 1 | total time: 24.03m
step 01232 (85.86%) | loss: 1.895773 | lrm: 0.28 | dt: 1181.61ms | tok/sec: 221,853 | mfu: 0.00 | epoch: 1 | total time: 24.05m
step 01233 (85.93%) | loss: 1.873159 | lrm: 0.28 | dt: 1182.09ms | tok/sec: 221,762 | mfu: 0.00 | epoch: 1 | total time: 24.07m
step 01234 (86.00%) | loss: 1.882786 | lrm: 0.28 | dt: 1181.68ms | tok/sec: 221,840 | mfu: 0.00 | epoch: 1 | total time: 24.09m
step 01235 (86.07%) | loss: 1.897973 | lrm: 0.28 | dt: 1182.63ms | tok/sec: 221,661 | mfu: 0.00 | epoch: 1 | total time: 24.11m
step 01236 (86.14%) | loss: 1.884781 | lrm: 0.28 | dt: 1180.66ms | tok/sec: 222,031 | mfu: 0.00 | epoch: 1 | total time: 24.13m
step 01237 (86.22%) | loss: 1.912842 | lrm: 0.28 | dt: 1181.93ms | tok/sec: 221,793 | mfu: 0.00 | epoch: 1 | total time: 24.15m
step 01238 (86.28%) | loss: 1.953566 | lrm: 0.27 | dt: 1183.69ms | tok/sec: 221,464 | mfu: 0.00 | epoch: 1 | total time: 24.17m
step 01239 (86.35%) | loss: 1.952353 | lrm: 0.27 | dt: 1183.62ms | tok/sec: 221,476 | mfu: 0.00 | epoch: 1 | total time: 24.19m
step 01240 (86.42%) | loss: 1.926010 | lrm: 0.27 | dt: 1183.25ms | tok/sec: 221,545 | mfu: 0.00 | epoch: 1 | total time: 24.21m
step 01241 (86.49%) | loss: 1.908491 | lrm: 0.27 | dt: 1181.95ms | tok/sec: 221,788 | mfu: 0.00 | epoch: 1 | total time: 24.23m
step 01242 (86.56%) | loss: 1.897252 | lrm: 0.27 | dt: 1183.82ms | tok/sec: 221,439 | mfu: 0.00 | epoch: 1 | total time: 24.25m
step 01243 (86.63%) | loss: 1.901706 | lrm: 0.27 | dt: 1177.32ms | tok/sec: 222,661 | mfu: 0.00 | epoch: 1 | total time: 24.27m
step 01244 (86.69%) | loss: 1.911244 | lrm: 0.27 | dt: 1181.19ms | tok/sec: 221,932 | mfu: 0.00 | epoch: 1 | total time: 24.29m
step 01245 (86.77%) | loss: 1.903496 | lrm: 0.26 | dt: 1180.77ms | tok/sec: 222,011 | mfu: 0.00 | epoch: 1 | total time: 24.31m
step 01246 (86.84%) | loss: 1.904170 | lrm: 0.26 | dt: 1181.39ms | tok/sec: 221,893 | mfu: 0.00 | epoch: 1 | total time: 24.33m
step 01247 (86.91%) | loss: 1.879166 | lrm: 0.26 | dt: 1180.02ms | tok/sec: 222,151 | mfu: 0.00 | epoch: 1 | total time: 24.35m
step 01248 (86.97%) | loss: 1.870223 | lrm: 0.26 | dt: 1186.34ms | tok/sec: 220,968 | mfu: 0.00 | epoch: 1 | total time: 24.37m
step 01249 (87.04%) | loss: 1.870805 | lrm: 0.26 | dt: 1183.43ms | tok/sec: 221,512 | mfu: 0.00 | epoch: 1 | total time: 24.39m
step 01250 (87.11%) | loss: 1.898493 | lrm: 0.26 | dt: 1180.16ms | tok/sec: 222,125 | mfu: 0.00 | epoch: 1 | total time: 24.41m
Step 01250 | Validation bpb: 0.5788
step 01251 (87.19%) | loss: 1.890522 | lrm: 0.26 | dt: 1191.27ms | tok/sec: 220,053 | mfu: 0.00 | epoch: 1 | total time: 24.43m
step 01252 (87.26%) | loss: 1.883744 | lrm: 0.25 | dt: 1181.21ms | tok/sec: 221,928 | mfu: 0.00 | epoch: 1 | total time: 24.45m
step 01253 (87.33%) | loss: 1.897764 | lrm: 0.25 | dt: 1187.96ms | tok/sec: 220,666 | mfu: 0.00 | epoch: 1 | total time: 24.47m
step 01254 (87.40%) | loss: 1.903977 | lrm: 0.25 | dt: 1179.00ms | tok/sec: 222,345 | mfu: 0.00 | epoch: 1 | total time: 24.49m
step 01255 (87.46%) | loss: 1.874621 | lrm: 0.25 | dt: 1178.35ms | tok/sec: 222,466 | mfu: 0.00 | epoch: 1 | total time: 24.51m
step 01256 (87.53%) | loss: 1.835127 | lrm: 0.25 | dt: 1181.48ms | tok/sec: 221,876 | mfu: 0.00 | epoch: 1 | total time: 24.53m
step 01257 (87.59%) | loss: 1.827959 | lrm: 0.25 | dt: 1180.69ms | tok/sec: 222,026 | mfu: 0.00 | epoch: 1 | total time: 24.55m
step 01258 (87.65%) | loss: 1.831444 | lrm: 0.25 | dt: 1180.44ms | tok/sec: 222,073 | mfu: 0.00 | epoch: 1 | total time: 24.56m
step 01259 (87.73%) | loss: 1.844548 | lrm: 0.25 | dt: 1185.68ms | tok/sec: 221,091 | mfu: 0.00 | epoch: 1 | total time: 24.58m
step 01260 (87.80%) | loss: 1.895266 | lrm: 0.24 | dt: 1180.32ms | tok/sec: 222,096 | mfu: 0.00 | epoch: 1 | total time: 24.60m
step 01261 (87.87%) | loss: 1.855681 | lrm: 0.24 | dt: 1181.08ms | tok/sec: 221,952 | mfu: 0.00 | epoch: 1 | total time: 24.62m
step 01262 (87.94%) | loss: 1.833770 | lrm: 0.24 | dt: 1184.32ms | tok/sec: 221,346 | mfu: 0.00 | epoch: 1 | total time: 24.64m
step 01263 (88.01%) | loss: 1.831842 | lrm: 0.24 | dt: 1180.01ms | tok/sec: 222,153 | mfu: 0.00 | epoch: 1 | total time: 24.66m
step 01264 (88.08%) | loss: 1.839701 | lrm: 0.24 | dt: 1184.34ms | tok/sec: 221,342 | mfu: 0.00 | epoch: 1 | total time: 24.68m
step 01265 (88.15%) | loss: 1.845657 | lrm: 0.24 | dt: 1178.51ms | tok/sec: 222,436 | mfu: 0.00 | epoch: 1 | total time: 24.70m
step 01266 (88.22%) | loss: 1.842871 | lrm: 0.24 | dt: 1183.54ms | tok/sec: 221,492 | mfu: 0.00 | epoch: 1 | total time: 24.72m
step 01267 (88.29%) | loss: 1.850812 | lrm: 0.23 | dt: 1179.06ms | tok/sec: 222,332 | mfu: 0.00 | epoch: 1 | total time: 24.74m
step 01268 (88.36%) | loss: 1.848815 | lrm: 0.23 | dt: 1186.24ms | tok/sec: 220,988 | mfu: 0.00 | epoch: 1 | total time: 24.76m
step 01269 (88.43%) | loss: 1.846057 | lrm: 0.23 | dt: 1177.75ms | tok/sec: 222,579 | mfu: 0.00 | epoch: 1 | total time: 24.78m
step 01270 (88.50%) | loss: 1.795334 | lrm: 0.23 | dt: 1188.87ms | tok/sec: 220,498 | mfu: 0.00 | epoch: 1 | total time: 24.80m
step 01271 (88.57%) | loss: 1.825702 | lrm: 0.23 | dt: 1178.91ms | tok/sec: 222,361 | mfu: 0.00 | epoch: 1 | total time: 24.82m
step 01272 (88.63%) | loss: 1.788958 | lrm: 0.23 | dt: 1181.91ms | tok/sec: 221,797 | mfu: 0.00 | epoch: 1 | total time: 24.84m
step 01273 (88.71%) | loss: 1.776376 | lrm: 0.23 | dt: 1182.19ms | tok/sec: 221,744 | mfu: 0.00 | epoch: 1 | total time: 24.86m
step 01274 (88.78%) | loss: 1.752086 | lrm: 0.22 | dt: 1183.28ms | tok/sec: 221,539 | mfu: 0.00 | epoch: 1 | total time: 24.88m
step 01275 (88.85%) | loss: 1.776067 | lrm: 0.22 | dt: 1183.19ms | tok/sec: 221,557 | mfu: 0.00 | epoch: 1 | total time: 24.90m
step 01276 (88.91%) | loss: 1.786257 | lrm: 0.22 | dt: 1184.33ms | tok/sec: 221,343 | mfu: 0.00 | epoch: 1 | total time: 24.92m
step 01277 (88.98%) | loss: 1.783721 | lrm: 0.22 | dt: 1180.69ms | tok/sec: 222,026 | mfu: 0.00 | epoch: 1 | total time: 24.94m
step 01278 (89.05%) | loss: 1.767304 | lrm: 0.22 | dt: 1183.97ms | tok/sec: 221,411 | mfu: 0.00 | epoch: 1 | total time: 24.96m
step 01279 (89.12%) | loss: 1.767209 | lrm: 0.22 | dt: 1178.82ms | tok/sec: 222,377 | mfu: 0.00 | epoch: 1 | total time: 24.98m
step 01280 (89.19%) | loss: 1.788912 | lrm: 0.22 | dt: 1183.29ms | tok/sec: 221,537 | mfu: 0.00 | epoch: 1 | total time: 25.00m
step 01281 (89.25%) | loss: 1.772040 | lrm: 0.21 | dt: 1177.58ms | tok/sec: 222,612 | mfu: 0.00 | epoch: 1 | total time: 25.02m
step 01282 (89.32%) | loss: 1.809185 | lrm: 0.21 | dt: 1181.94ms | tok/sec: 221,791 | mfu: 0.00 | epoch: 1 | total time: 25.04m
step 01283 (89.39%) | loss: 1.781889 | lrm: 0.21 | dt: 1179.35ms | tok/sec: 222,277 | mfu: 0.00 | epoch: 1 | total time: 25.06m
step 01284 (89.46%) | loss: 1.795762 | lrm: 0.21 | dt: 1183.03ms | tok/sec: 221,586 | mfu: 0.00 | epoch: 1 | total time: 25.08m
step 01285 (89.53%) | loss: 1.794441 | lrm: 0.21 | dt: 1180.93ms | tok/sec: 221,981 | mfu: 0.00 | epoch: 1 | total time: 25.10m
step 01286 (89.60%) | loss: 1.790945 | lrm: 0.21 | dt: 1184.27ms | tok/sec: 221,354 | mfu: 0.00 | epoch: 1 | total time: 25.12m
step 01287 (89.67%) | loss: 1.778254 | lrm: 0.21 | dt: 1183.49ms | tok/sec: 221,500 | mfu: 0.00 | epoch: 1 | total time: 25.14m
step 01288 (89.74%) | loss: 1.779091 | lrm: 0.21 | dt: 1182.29ms | tok/sec: 221,726 | mfu: 0.00 | epoch: 1 | total time: 25.16m
step 01289 (89.81%) | loss: 1.807865 | lrm: 0.20 | dt: 1183.79ms | tok/sec: 221,445 | mfu: 0.00 | epoch: 1 | total time: 25.18m
step 01290 (89.88%) | loss: 1.815480 | lrm: 0.20 | dt: 1180.31ms | tok/sec: 222,098 | mfu: 0.00 | epoch: 1 | total time: 25.20m
step 01291 (89.95%) | loss: 1.840841 | lrm: 0.20 | dt: 1187.37ms | tok/sec: 220,776 | mfu: 0.00 | epoch: 1 | total time: 25.22m
step 01292 (90.02%) | loss: 1.847160 | lrm: 0.20 | dt: 1183.30ms | tok/sec: 221,536 | mfu: 0.00 | epoch: 1 | total time: 25.23m
step 01293 (90.09%) | loss: 1.849833 | lrm: 0.20 | dt: 1181.45ms | tok/sec: 221,883 | mfu: 0.00 | epoch: 1 | total time: 25.25m
step 01294 (90.16%) | loss: 1.852773 | lrm: 0.20 | dt: 1183.21ms | tok/sec: 221,552 | mfu: 0.00 | epoch: 1 | total time: 25.27m
step 01295 (90.24%) | loss: 1.868331 | lrm: 0.20 | dt: 1181.01ms | tok/sec: 221,965 | mfu: 0.00 | epoch: 1 | total time: 25.29m
step 01296 (90.31%) | loss: 1.860020 | lrm: 0.19 | dt: 1184.40ms | tok/sec: 221,330 | mfu: 0.00 | epoch: 1 | total time: 25.31m
step 01297 (90.38%) | loss: 1.842100 | lrm: 0.19 | dt: 1183.25ms | tok/sec: 221,546 | mfu: 0.00 | epoch: 1 | total time: 25.33m
step 01298 (90.45%) | loss: 1.825953 | lrm: 0.19 | dt: 1183.95ms | tok/sec: 221,415 | mfu: 0.00 | epoch: 1 | total time: 25.35m
step 01299 (90.52%) | loss: 1.823756 | lrm: 0.19 | dt: 1180.49ms | tok/sec: 222,064 | mfu: 0.00 | epoch: 1 | total time: 25.37m
step 01300 (90.59%) | loss: 1.838516 | lrm: 0.19 | dt: 1182.78ms | tok/sec: 221,633 | mfu: 0.00 | epoch: 1 | total time: 25.39m
Step 01300 | Validation bpb: 0.5749
step 01301 (90.65%) | loss: 1.826835 | lrm: 0.19 | dt: 1191.97ms | tok/sec: 219,925 | mfu: 0.00 | epoch: 1 | total time: 25.41m
step 01302 (90.72%) | loss: 1.833692 | lrm: 0.19 | dt: 1181.40ms | tok/sec: 221,893 | mfu: 0.00 | epoch: 1 | total time: 25.43m
step 01303 (90.79%) | loss: 1.836313 | lrm: 0.18 | dt: 1177.74ms | tok/sec: 222,581 | mfu: 0.00 | epoch: 1 | total time: 25.45m
step 01304 (90.86%) | loss: 1.871055 | lrm: 0.18 | dt: 1184.08ms | tok/sec: 221,391 | mfu: 0.00 | epoch: 1 | total time: 25.47m
step 01305 (90.94%) | loss: 1.881435 | lrm: 0.18 | dt: 1180.21ms | tok/sec: 222,116 | mfu: 0.00 | epoch: 1 | total time: 25.49m
step 01306 (91.02%) | loss: 1.875215 | lrm: 0.18 | dt: 1179.23ms | tok/sec: 222,300 | mfu: 0.00 | epoch: 1 | total time: 25.51m
step 01307 (91.09%) | loss: 1.870364 | lrm: 0.18 | dt: 1181.09ms | tok/sec: 221,949 | mfu: 0.00 | epoch: 1 | total time: 25.53m
step 01308 (91.16%) | loss: 1.849094 | lrm: 0.18 | dt: 1184.53ms | tok/sec: 221,307 | mfu: 0.00 | epoch: 1 | total time: 25.55m
step 01309 (91.22%) | loss: 1.828633 | lrm: 0.18 | dt: 1181.47ms | tok/sec: 221,879 | mfu: 0.00 | epoch: 1 | total time: 25.57m
step 01310 (91.29%) | loss: 1.841968 | lrm: 0.17 | dt: 1182.11ms | tok/sec: 221,760 | mfu: 0.00 | epoch: 1 | total time: 25.59m
step 01311 (91.36%) | loss: 1.850252 | lrm: 0.17 | dt: 1181.98ms | tok/sec: 221,782 | mfu: 0.00 | epoch: 1 | total time: 25.61m
step 01312 (91.42%) | loss: 1.844494 | lrm: 0.17 | dt: 1182.92ms | tok/sec: 221,606 | mfu: 0.00 | epoch: 1 | total time: 25.63m
step 01313 (91.50%) | loss: 1.841576 | lrm: 0.17 | dt: 1178.03ms | tok/sec: 222,527 | mfu: 0.00 | epoch: 1 | total time: 25.65m
step 01314 (91.56%) | loss: 1.843349 | lrm: 0.17 | dt: 1184.87ms | tok/sec: 221,243 | mfu: 0.00 | epoch: 1 | total time: 25.67m
step 01315 (91.64%) | loss: 1.861656 | lrm: 0.17 | dt: 1177.34ms | tok/sec: 222,658 | mfu: 0.00 | epoch: 1 | total time: 25.69m
step 01316 (91.71%) | loss: 1.859563 | lrm: 0.17 | dt: 1184.68ms | tok/sec: 221,278 | mfu: 0.00 | epoch: 1 | total time: 25.71m
step 01317 (91.77%) | loss: 1.835483 | lrm: 0.16 | dt: 1178.95ms | tok/sec: 222,353 | mfu: 0.00 | epoch: 1 | total time: 25.73m
step 01318 (91.84%) | loss: 1.827846 | lrm: 0.16 | dt: 1185.27ms | tok/sec: 221,167 | mfu: 0.00 | epoch: 1 | total time: 25.75m
step 01319 (91.91%) | loss: 1.820516 | lrm: 0.16 | dt: 1181.20ms | tok/sec: 221,929 | mfu: 0.00 | epoch: 1 | total time: 25.77m
step 01320 (91.99%) | loss: 1.801962 | lrm: 0.16 | dt: 1180.40ms | tok/sec: 222,080 | mfu: 0.00 | epoch: 1 | total time: 25.79m
step 01321 (92.07%) | loss: 1.812151 | lrm: 0.16 | dt: 1189.39ms | tok/sec: 220,402 | mfu: 0.00 | epoch: 1 | total time: 25.81m
step 01322 (92.14%) | loss: 1.799306 | lrm: 0.16 | dt: 1180.36ms | tok/sec: 222,088 | mfu: 0.00 | epoch: 1 | total time: 25.83m
step 01323 (92.21%) | loss: 1.805287 | lrm: 0.16 | dt: 1183.33ms | tok/sec: 221,530 | mfu: 0.00 | epoch: 1 | total time: 25.85m
step 01324 (92.28%) | loss: 1.828173 | lrm: 0.15 | dt: 1178.31ms | tok/sec: 222,474 | mfu: 0.00 | epoch: 1 | total time: 25.87m
step 01325 (92.35%) | loss: 1.858864 | lrm: 0.15 | dt: 1187.30ms | tok/sec: 220,789 | mfu: 0.00 | epoch: 1 | total time: 25.89m
step 01326 (92.42%) | loss: 1.840727 | lrm: 0.15 | dt: 1179.71ms | tok/sec: 222,211 | mfu: 0.00 | epoch: 1 | total time: 25.90m
step 01327 (92.49%) | loss: 1.846601 | lrm: 0.15 | dt: 1184.46ms | tok/sec: 221,320 | mfu: 0.00 | epoch: 1 | total time: 25.92m
step 01328 (92.56%) | loss: 1.830832 | lrm: 0.15 | dt: 1184.68ms | tok/sec: 221,277 | mfu: 0.00 | epoch: 1 | total time: 25.94m
step 01329 (92.62%) | loss: 1.845550 | lrm: 0.15 | dt: 1178.95ms | tok/sec: 222,354 | mfu: 0.00 | epoch: 1 | total time: 25.96m
step 01330 (92.70%) | loss: 1.836467 | lrm: 0.15 | dt: 1188.42ms | tok/sec: 220,582 | mfu: 0.00 | epoch: 1 | total time: 25.98m
step 01331 (92.77%) | loss: 1.824437 | lrm: 0.14 | dt: 1184.25ms | tok/sec: 221,358 | mfu: 0.00 | epoch: 1 | total time: 26.00m
step 01332 (92.83%) | loss: 1.823124 | lrm: 0.14 | dt: 1182.61ms | tok/sec: 221,664 | mfu: 0.00 | epoch: 1 | total time: 26.02m
step 01333 (92.90%) | loss: 1.820165 | lrm: 0.14 | dt: 1183.82ms | tok/sec: 221,438 | mfu: 0.00 | epoch: 1 | total time: 26.04m
step 01334 (92.97%) | loss: 1.828626 | lrm: 0.14 | dt: 1181.74ms | tok/sec: 221,829 | mfu: 0.00 | epoch: 1 | total time: 26.06m
step 01335 (93.03%) | loss: 1.831078 | lrm: 0.14 | dt: 1181.89ms | tok/sec: 221,801 | mfu: 0.00 | epoch: 1 | total time: 26.08m
step 01336 (93.10%) | loss: 1.823761 | lrm: 0.14 | dt: 1181.10ms | tok/sec: 221,949 | mfu: 0.00 | epoch: 1 | total time: 26.10m
step 01337 (93.17%) | loss: 1.823071 | lrm: 0.14 | dt: 1184.86ms | tok/sec: 221,244 | mfu: 0.00 | epoch: 1 | total time: 26.12m
step 01338 (93.25%) | loss: 1.822517 | lrm: 0.13 | dt: 1179.29ms | tok/sec: 222,290 | mfu: 0.00 | epoch: 1 | total time: 26.14m
step 01339 (93.33%) | loss: 1.818466 | lrm: 0.13 | dt: 1182.94ms | tok/sec: 221,603 | mfu: 0.00 | epoch: 1 | total time: 26.16m
step 01340 (93.40%) | loss: 1.829565 | lrm: 0.13 | dt: 1180.36ms | tok/sec: 222,088 | mfu: 0.00 | epoch: 1 | total time: 26.18m
step 01341 (93.46%) | loss: 1.840508 | lrm: 0.13 | dt: 1184.65ms | tok/sec: 221,283 | mfu: 0.00 | epoch: 1 | total time: 26.20m
step 01342 (93.53%) | loss: 1.817310 | lrm: 0.13 | dt: 1183.57ms | tok/sec: 221,486 | mfu: 0.00 | epoch: 1 | total time: 26.22m
step 01343 (93.61%) | loss: 1.812532 | lrm: 0.13 | dt: 1184.26ms | tok/sec: 221,357 | mfu: 0.00 | epoch: 1 | total time: 26.24m
step 01344 (93.68%) | loss: 1.800474 | lrm: 0.13 | dt: 1182.24ms | tok/sec: 221,734 | mfu: 0.00 | epoch: 1 | total time: 26.26m
step 01345 (93.74%) | loss: 1.820785 | lrm: 0.13 | dt: 1180.80ms | tok/sec: 222,006 | mfu: 0.00 | epoch: 1 | total time: 26.28m
step 01346 (93.80%) | loss: 1.807541 | lrm: 0.12 | dt: 1178.30ms | tok/sec: 222,477 | mfu: 0.00 | epoch: 1 | total time: 26.30m
step 01347 (93.87%) | loss: 1.805004 | lrm: 0.12 | dt: 1183.99ms | tok/sec: 221,407 | mfu: 0.00 | epoch: 1 | total time: 26.32m
step 01348 (93.95%) | loss: 1.795593 | lrm: 0.12 | dt: 1181.92ms | tok/sec: 221,795 | mfu: 0.00 | epoch: 1 | total time: 26.34m
step 01349 (94.01%) | loss: 1.778659 | lrm: 0.12 | dt: 1182.23ms | tok/sec: 221,736 | mfu: 0.00 | epoch: 1 | total time: 26.36m
step 01350 (94.08%) | loss: 1.770014 | lrm: 0.12 | dt: 1177.40ms | tok/sec: 222,646 | mfu: 0.00 | epoch: 1 | total time: 26.38m
Step 01350 | Validation bpb: 0.5714
step 01351 (94.14%) | loss: 1.801289 | lrm: 0.12 | dt: 1185.74ms | tok/sec: 221,080 | mfu: 0.00 | epoch: 1 | total time: 26.40m
step 01352 (94.22%) | loss: 1.792254 | lrm: 0.12 | dt: 1178.76ms | tok/sec: 222,390 | mfu: 0.00 | epoch: 1 | total time: 26.42m
step 01353 (94.29%) | loss: 1.773878 | lrm: 0.11 | dt: 1183.80ms | tok/sec: 221,443 | mfu: 0.00 | epoch: 1 | total time: 26.44m
step 01354 (94.38%) | loss: 1.773572 | lrm: 0.11 | dt: 1179.88ms | tok/sec: 222,178 | mfu: 0.00 | epoch: 1 | total time: 26.46m
step 01355 (94.45%) | loss: 1.788783 | lrm: 0.11 | dt: 1178.36ms | tok/sec: 222,464 | mfu: 0.00 | epoch: 1 | total time: 26.48m
step 01356 (94.52%) | loss: 1.785157 | lrm: 0.11 | dt: 1182.88ms | tok/sec: 221,614 | mfu: 0.00 | epoch: 1 | total time: 26.50m
step 01357 (94.59%) | loss: 1.787560 | lrm: 0.11 | dt: 1181.06ms | tok/sec: 221,957 | mfu: 0.00 | epoch: 1 | total time: 26.52m
step 01358 (94.66%) | loss: 1.795876 | lrm: 0.11 | dt: 1180.84ms | tok/sec: 221,998 | mfu: 0.00 | epoch: 1 | total time: 26.54m
step 01359 (94.72%) | loss: 1.790850 | lrm: 0.11 | dt: 1182.37ms | tok/sec: 221,710 | mfu: 0.00 | epoch: 1 | total time: 26.56m
step 01360 (94.80%) | loss: 1.804492 | lrm: 0.10 | dt: 1181.67ms | tok/sec: 221,842 | mfu: 0.00 | epoch: 1 | total time: 26.57m
step 01361 (94.87%) | loss: 1.806317 | lrm: 0.10 | dt: 1178.33ms | tok/sec: 222,470 | mfu: 0.00 | epoch: 1 | total time: 26.59m
step 01362 (94.95%) | loss: 1.802498 | lrm: 0.10 | dt: 1176.82ms | tok/sec: 222,755 | mfu: 0.00 | epoch: 1 | total time: 26.61m
step 01363 (95.02%) | loss: 1.805753 | lrm: 0.10 | dt: 1182.55ms | tok/sec: 221,677 | mfu: 0.00 | epoch: 1 | total time: 26.63m
step 01364 (95.08%) | loss: 1.814267 | lrm: 0.10 | dt: 1180.44ms | tok/sec: 222,072 | mfu: 0.00 | epoch: 1 | total time: 26.65m
step 01365 (95.15%) | loss: 1.840594 | lrm: 0.10 | dt: 1182.17ms | tok/sec: 221,747 | mfu: 0.00 | epoch: 1 | total time: 26.67m
step 01366 (95.22%) | loss: 1.826297 | lrm: 0.10 | dt: 1178.80ms | tok/sec: 222,382 | mfu: 0.00 | epoch: 1 | total time: 26.69m
step 01367 (95.29%) | loss: 1.824632 | lrm: 0.09 | dt: 1188.65ms | tok/sec: 220,538 | mfu: 0.00 | epoch: 1 | total time: 26.71m
step 01368 (95.37%) | loss: 1.809261 | lrm: 0.09 | dt: 1178.54ms | tok/sec: 222,430 | mfu: 0.00 | epoch: 1 | total time: 26.73m
step 01369 (95.43%) | loss: 1.794837 | lrm: 0.09 | dt: 1186.89ms | tok/sec: 220,866 | mfu: 0.00 | epoch: 1 | total time: 26.75m
step 01370 (95.50%) | loss: 1.808286 | lrm: 0.09 | dt: 1177.93ms | tok/sec: 222,546 | mfu: 0.00 | epoch: 1 | total time: 26.77m
step 01371 (95.57%) | loss: 1.800675 | lrm: 0.09 | dt: 1180.84ms | tok/sec: 221,997 | mfu: 0.00 | epoch: 1 | total time: 26.79m
step 01372 (95.65%) | loss: 1.809946 | lrm: 0.09 | dt: 1184.97ms | tok/sec: 221,224 | mfu: 0.00 | epoch: 1 | total time: 26.81m
step 01373 (95.72%) | loss: 1.798504 | lrm: 0.09 | dt: 1180.37ms | tok/sec: 222,087 | mfu: 0.00 | epoch: 1 | total time: 26.83m
step 01374 (95.79%) | loss: 1.789519 | lrm: 0.08 | dt: 1185.12ms | tok/sec: 221,196 | mfu: 0.00 | epoch: 1 | total time: 26.85m
step 01375 (95.87%) | loss: 1.809438 | lrm: 0.08 | dt: 1187.70ms | tok/sec: 220,715 | mfu: 0.00 | epoch: 1 | total time: 26.87m
step 01376 (95.94%) | loss: 1.824971 | lrm: 0.08 | dt: 1182.16ms | tok/sec: 221,749 | mfu: 0.00 | epoch: 1 | total time: 26.89m
step 01377 (96.01%) | loss: 1.803303 | lrm: 0.08 | dt: 1181.99ms | tok/sec: 221,782 | mfu: 0.00 | epoch: 1 | total time: 26.91m
step 01378 (96.09%) | loss: 1.818492 | lrm: 0.08 | dt: 1185.13ms | tok/sec: 221,195 | mfu: 0.00 | epoch: 1 | total time: 26.93m
step 01379 (96.16%) | loss: 1.806396 | lrm: 0.08 | dt: 1186.24ms | tok/sec: 220,987 | mfu: 0.00 | epoch: 1 | total time: 26.95m
step 01380 (96.23%) | loss: 1.804727 | lrm: 0.08 | dt: 1181.09ms | tok/sec: 221,951 | mfu: 0.00 | epoch: 1 | total time: 26.97m
step 01381 (96.30%) | loss: 1.822954 | lrm: 0.07 | dt: 1181.79ms | tok/sec: 221,820 | mfu: 0.00 | epoch: 1 | total time: 26.99m
step 01382 (96.37%) | loss: 1.802349 | lrm: 0.07 | dt: 1181.59ms | tok/sec: 221,857 | mfu: 0.00 | epoch: 1 | total time: 27.01m
step 01383 (96.44%) | loss: 1.821564 | lrm: 0.07 | dt: 1184.41ms | tok/sec: 221,329 | mfu: 0.00 | epoch: 1 | total time: 27.03m
step 01384 (96.51%) | loss: 1.818718 | lrm: 0.07 | dt: 1185.43ms | tok/sec: 221,137 | mfu: 0.00 | epoch: 1 | total time: 27.05m
step 01385 (96.57%) | loss: 1.834814 | lrm: 0.07 | dt: 1181.68ms | tok/sec: 221,840 | mfu: 0.00 | epoch: 1 | total time: 27.07m
step 01386 (96.64%) | loss: 1.814563 | lrm: 0.07 | dt: 1180.27ms | tok/sec: 222,104 | mfu: 0.00 | epoch: 1 | total time: 27.09m
step 01387 (96.72%) | loss: 1.816890 | lrm: 0.07 | dt: 1186.33ms | tok/sec: 220,970 | mfu: 0.00 | epoch: 1 | total time: 27.11m
2026-09-17 18:48:53,559 - nanochat.checkpoint_manager - [32m[1mINFO[0m - Saved model parameters to: /local/s4597036/nanochat_data/chatsft_checkpoints/d4L-sft-matched/model_001435.pt
2026-09-17 18:48:53,559 - nanochat.checkpoint_manager - [32m[1mINFO[0m - Saved metadata to: /local/s4597036/nanochat_data/chatsft_checkpoints/d4L-sft-matched/meta_001435.json
2026-09-17 18:48:53,660 - nanochat.checkpoint_manager - [32m[1mINFO[0m - Saved optimizer state to: /local/s4597036/nanochat_data/chatsft_checkpoints/d4L-sft-matched/optim_001435_rank0.pt
wandb: updating run metadata
wandb: uploading output.log
wandb:                                                                                
wandb: 
wandb: Run history:
wandb:                 step ▁▁▂▂▂▂▂▂▂▃▃▃▃▃▃▄▄▄▄▄▄▄▄▅▅▅▅▆▆▆▆▇▇▇▇▇▇███
wandb: total_training_flops ▁▁▁▁▂▂▂▂▂▃▃▃▄▄▄▄▄▄▅▅▅▅▅▅▅▆▆▆▆▆▇▇▇▇▇▇▇███
wandb:  total_training_time ▁▁▁▁▁▂▂▂▂▃▃▃▃▃▃▄▄▄▄▄▄▅▅▅▅▆▆▆▆▆▇▇▇▇▇█████
wandb:             train/dt ▁▂▄▆▆█▇▆▆▇▇█▇█▇▇▇▇█▇▆█▆▇▇█▇▇▇▆▇▇▆▇▇▇▇▇▆▆
wandb:          train/epoch ▁▁▁▁▁▁▁▁▁▁▁▁▁▁▁▁▁▁▁▁▁▁▁▁▁▁▁▁▁▁▁▁▁▁▁▁▁▁▁▁
wandb:           train/loss ▇██▆▆▆▆▆▅▅▄▄▄▅▄▄▃▃▄▄▃▄▃▃▃▃▃▃▂▃▂▂▂▂▂▁▂▁▁▂
wandb:            train/lrm ██████████████████▇▇▇▇▆▆▆▅▅▅▄▄▄▄▃▃▃▂▂▂▁▁
wandb:            train/mfu ▁▁▁▁▁▁▁▁▁▁▁▁▁▁▁▁▁▁▁▁▁▁▁▁▁▁▁▁▁▁▁▁▁▁▁▁▁▁▁▁
wandb:    train/tok_per_sec █▆▆▄▃▄▂▄▂▃▂▂▃▁▃▂▃▂▃▂▁▂▃▂▂▂▁▂▂▃▃▃▂▂▂▂▂▃▂▃
wandb:              val/bpb █▂▂▂▂▁▁▁▁▁▁▁▁▁▁▁▁▁▁▁▁▁▁▁▁▁▁▁▁▁
wandb: 
wandb: Run summary:
wandb:                 step 1435
wandb: total_training_flops 35500644190126080
wandb:  total_training_time 1683.13758
wandb:             train/dt 1.1787
wandb:          train/epoch 1
wandb:           train/loss 1.80386
wandb:            train/lrm 0.00598
wandb:            train/mfu 0
wandb:    train/tok_per_sec 222401
wandb:              val/bpb 0.56796
wandb: 
wandb: 🚀 View run d4L-sft-matched at: https://wandb.ai/sotirisfrost-lu/nanochat-sft/runs/5u5jloxs
wandb: ⭐️ View project at: https://wandb.ai/sotirisfrost-lu/nanochat-sft
wandb: Synced 5 W&B file(s), 0 media file(s), 0 artifact file(s) and 0 other file(s)
wandb: Find logs at: ./wandb/run-20260917_181833-5u5jloxs/logs
step 01388 (96.78%) | loss: 1.815533 | lrm: 0.06 | dt: 1179.97ms | tok/sec: 222,161 | mfu: 0.00 | epoch: 1 | total time: 27.13m
step 01389 (96.85%) | loss: 1.816703 | lrm: 0.06 | dt: 1186.40ms | tok/sec: 220,958 | mfu: 0.00 | epoch: 1 | total time: 27.15m
step 01390 (96.92%) | loss: 1.819538 | lrm: 0.06 | dt: 1179.51ms | tok/sec: 222,249 | mfu: 0.00 | epoch: 1 | total time: 27.17m
step 01391 (96.99%) | loss: 1.811106 | lrm: 0.06 | dt: 1182.73ms | tok/sec: 221,642 | mfu: 0.00 | epoch: 1 | total time: 27.19m
step 01392 (97.05%) | loss: 1.838150 | lrm: 0.06 | dt: 1186.10ms | tok/sec: 221,012 | mfu: 0.00 | epoch: 1 | total time: 27.21m
step 01393 (97.12%) | loss: 1.836062 | lrm: 0.06 | dt: 1179.33ms | tok/sec: 222,282 | mfu: 0.00 | epoch: 1 | total time: 27.23m
step 01394 (97.19%) | loss: 1.842295 | lrm: 0.06 | dt: 1183.02ms | tok/sec: 221,589 | mfu: 0.00 | epoch: 1 | total time: 27.24m
step 01395 (97.25%) | loss: 1.847707 | lrm: 0.05 | dt: 1182.25ms | tok/sec: 221,733 | mfu: 0.00 | epoch: 1 | total time: 27.26m
step 01396 (97.33%) | loss: 1.853505 | lrm: 0.05 | dt: 1183.44ms | tok/sec: 221,509 | mfu: 0.00 | epoch: 1 | total time: 27.28m
step 01397 (97.40%) | loss: 1.865416 | lrm: 0.05 | dt: 1184.66ms | tok/sec: 221,282 | mfu: 0.00 | epoch: 1 | total time: 27.30m
step 01398 (97.48%) | loss: 1.872238 | lrm: 0.05 | dt: 1177.65ms | tok/sec: 222,599 | mfu: 0.00 | epoch: 1 | total time: 27.32m
step 01399 (97.55%) | loss: 1.858791 | lrm: 0.05 | dt: 1181.69ms | tok/sec: 221,838 | mfu: 0.00 | epoch: 1 | total time: 27.34m
step 01400 (97.61%) | loss: 1.868321 | lrm: 0.05 | dt: 1182.67ms | tok/sec: 221,655 | mfu: 0.00 | epoch: 1 | total time: 27.36m
Step 01400 | Validation bpb: 0.5687
step 01401 (97.68%) | loss: 1.862089 | lrm: 0.05 | dt: 1187.39ms | tok/sec: 220,773 | mfu: 0.00 | epoch: 1 | total time: 27.38m
step 01402 (97.75%) | loss: 1.836388 | lrm: 0.04 | dt: 1183.54ms | tok/sec: 221,491 | mfu: 0.00 | epoch: 1 | total time: 27.40m
step 01403 (97.83%) | loss: 1.828697 | lrm: 0.04 | dt: 1179.11ms | tok/sec: 222,322 | mfu: 0.00 | epoch: 1 | total time: 27.42m
step 01404 (97.91%) | loss: 1.824430 | lrm: 0.04 | dt: 1184.09ms | tok/sec: 221,387 | mfu: 0.00 | epoch: 1 | total time: 27.44m
step 01405 (97.97%) | loss: 1.815490 | lrm: 0.04 | dt: 1180.67ms | tok/sec: 222,029 | mfu: 0.00 | epoch: 1 | total time: 27.46m
step 01406 (98.04%) | loss: 1.844703 | lrm: 0.04 | dt: 1182.73ms | tok/sec: 221,643 | mfu: 0.00 | epoch: 1 | total time: 27.48m
step 01407 (98.11%) | loss: 1.857688 | lrm: 0.04 | dt: 1181.12ms | tok/sec: 221,944 | mfu: 0.00 | epoch: 1 | total time: 27.50m
step 01408 (98.17%) | loss: 1.860730 | lrm: 0.04 | dt: 1177.80ms | tok/sec: 222,570 | mfu: 0.00 | epoch: 1 | total time: 27.52m
step 01409 (98.24%) | loss: 1.850468 | lrm: 0.04 | dt: 1181.57ms | tok/sec: 221,860 | mfu: 0.00 | epoch: 1 | total time: 27.54m
step 01410 (98.31%) | loss: 1.852282 | lrm: 0.03 | dt: 1182.36ms | tok/sec: 221,712 | mfu: 0.00 | epoch: 1 | total time: 27.56m
step 01411 (98.38%) | loss: 1.864029 | lrm: 0.03 | dt: 1182.74ms | tok/sec: 221,640 | mfu: 0.00 | epoch: 1 | total time: 27.58m
step 01412 (98.45%) | loss: 1.878413 | lrm: 0.03 | dt: 1182.14ms | tok/sec: 221,752 | mfu: 0.00 | epoch: 1 | total time: 27.60m
step 01413 (98.51%) | loss: 1.878802 | lrm: 0.03 | dt: 1182.54ms | tok/sec: 221,678 | mfu: 0.00 | epoch: 1 | total time: 27.62m
step 01414 (98.58%) | loss: 1.845011 | lrm: 0.03 | dt: 1178.37ms | tok/sec: 222,463 | mfu: 0.00 | epoch: 1 | total time: 27.64m
step 01415 (98.64%) | loss: 1.858401 | lrm: 0.03 | dt: 1187.14ms | tok/sec: 220,819 | mfu: 0.00 | epoch: 1 | total time: 27.66m
step 01416 (98.72%) | loss: 1.830791 | lrm: 0.03 | dt: 1177.28ms | tok/sec: 222,668 | mfu: 0.00 | epoch: 1 | total time: 27.68m
step 01417 (98.79%) | loss: 1.826858 | lrm: 0.02 | dt: 1181.20ms | tok/sec: 221,929 | mfu: 0.00 | epoch: 1 | total time: 27.70m
step 01418 (98.87%) | loss: 1.832727 | lrm: 0.02 | dt: 1177.15ms | tok/sec: 222,693 | mfu: 0.00 | epoch: 1 | total time: 27.72m
step 01419 (98.93%) | loss: 1.812147 | lrm: 0.02 | dt: 1180.24ms | tok/sec: 222,110 | mfu: 0.00 | epoch: 1 | total time: 27.74m
step 01420 (99.00%) | loss: 1.804472 | lrm: 0.02 | dt: 1183.08ms | tok/sec: 221,577 | mfu: 0.00 | epoch: 1 | total time: 27.76m
step 01421 (99.09%) | loss: 1.830286 | lrm: 0.02 | dt: 1181.53ms | tok/sec: 221,868 | mfu: 0.00 | epoch: 1 | total time: 27.78m
step 01422 (99.15%) | loss: 1.807030 | lrm: 0.02 | dt: 1186.86ms | tok/sec: 220,872 | mfu: 0.00 | epoch: 1 | total time: 27.80m
step 01423 (99.22%) | loss: 1.799021 | lrm: 0.02 | dt: 1176.56ms | tok/sec: 222,804 | mfu: 0.00 | epoch: 1 | total time: 27.82m
step 01424 (99.29%) | loss: 1.781976 | lrm: 0.01 | dt: 1182.47ms | tok/sec: 221,691 | mfu: 0.00 | epoch: 1 | total time: 27.84m
step 01425 (99.37%) | loss: 1.789856 | lrm: 0.01 | dt: 1179.91ms | tok/sec: 222,172 | mfu: 0.00 | epoch: 1 | total time: 27.86m
step 01426 (99.43%) | loss: 1.792825 | lrm: 0.01 | dt: 1181.29ms | tok/sec: 221,913 | mfu: 0.00 | epoch: 1 | total time: 27.88m
step 01427 (99.50%) | loss: 1.780477 | lrm: 0.01 | dt: 1181.22ms | tok/sec: 221,925 | mfu: 0.00 | epoch: 1 | total time: 27.89m
step 01428 (99.57%) | loss: 1.796134 | lrm: 0.01 | dt: 1184.44ms | tok/sec: 221,322 | mfu: 0.00 | epoch: 1 | total time: 27.91m
step 01429 (99.63%) | loss: 1.806494 | lrm: 0.01 | dt: 1180.92ms | tok/sec: 221,982 | mfu: 0.00 | epoch: 1 | total time: 27.93m
step 01430 (99.70%) | loss: 1.803862 | lrm: 0.01 | dt: 1178.70ms | tok/sec: 222,401 | mfu: 0.00 | epoch: 1 | total time: 27.95m
step 01431 (99.77%) | loss: 1.809074 | lrm: 0.00 | dt: 1185.30ms | tok/sec: 221,163 | mfu: 0.00 | epoch: 1 | total time: 27.97m
step 01432 (99.84%) | loss: 1.814665 | lrm: 0.00 | dt: 1182.48ms | tok/sec: 221,690 | mfu: 0.00 | epoch: 1 | total time: 27.99m
step 01433 (99.91%) | loss: 1.809977 | lrm: 0.00 | dt: 1181.55ms | tok/sec: 221,864 | mfu: 0.00 | epoch: 1 | total time: 28.01m
step 01434 (99.98%) | loss: 1.812082 | lrm: 0.00 | dt: 1182.54ms | tok/sec: 221,679 | mfu: 0.00 | epoch: 1 | total time: 28.03m
step 01435 (100.05%) | loss: 1.829609 | lrm: 0.00 | dt: 1179.44ms | tok/sec: 222,262 | mfu: 0.00 | epoch: 2 | total time: 28.05m
Step 01435 | Validation bpb: 0.5680
Peak memory usage: 2058.88MiB
Total training time: 28.05m
Minimum validation bpb: 0.5680
